Name,Type,CR,Source
Aberrant Spirit,Aberration,—,Tasha’s Cauldron of Everything
Abhorrent Overlord,Fiend,9,Mystic Odysseys of Theros
Abjurer,Humanoid (any race),9,Volo's Guide to Monsters
Aboleth,Aberration,10,Monster Manual
Abominable Yeti,Monstrosity,9,Monster Manual
Abyssal Chicken,Fiend (demon),1/4,Baldur's Gate: Descent Into Avernus
Abyssal Wretch,Fiend (demon),1/4,Mordenkainen's Tome of Foes
Acolyte,Humanoid (any race),1/4,Monster Manual
Adult Black Dragon,Dragon,14,Monster Manual
Adult Blue Dracolich,Undead,17,Monster Manual
Adult Blue Dragon,Dragon,16,Monster Manual
Adult Brass Dragon,Dragon,13,Monster Manual
Adult Bronze Dragon,Dragon,15,Monster Manual
Adult Copper Dragon,Dragon,14,Monster Manual
Adult Gold Dragon,Dragon,17,Monster Manual
Adult Green Dragon,Dragon,15,Monster Manual
Adult Kruthik,Monstrosity,2,Mordenkainen's Tome of Foes
Adult Oblex,Ooze,5,Mordenkainen's Tome of Foes
Adult Red Dracolich,Undead,17,Tasha’s Cauldron of Everything
Adult Red Dragon,Dragon,17,Monster Manual
Adult Silver Dragon,Dragon,16,Monster Manual
Adult White Dragon,Dragon,13,Monster Manual
Aeorian Absorber,Monstrosity,10,Explorer's Guide to Wildemount
Aeorian Nullifier,Monstrosity,12,Explorer's Guide to Wildemount
Aeorian Reverser,Monstrosity,8,Explorer's Guide to Wildemount
Air Elemental,Elemental,5,Monster Manual
Air Elemental Myrmidon,Elemental,7,Mordenkainen's Tome of Foes
Akroan Hoplite,Humanoid,3,Mystic Odysseys of Theros
Albino Dwarf Spirit Warrior,Humanoid (dwarf),1,Tomb of Annihilation
Albino Dwarf Warrior,Humanoid (dwarf),1/4,Tomb of Annihilation
Aldani (Lobsterfolk),Monstrosity,1,Tomb of Annihilation
Alhoon,Undead,10,Volo's Guide to Monsters
Alkilith,Fiend (demon),11,Mordenkainen's Tome of Foes
Allip,Undead,5,Mordenkainen's Tome of Foes
Allosaurus,Beast,2,Monster Manual
Allowak Abominable Yeti,Monstrosity,9,Explorer's Guide to Wildemount
Allowak Yeti,Monstrosity,3,Explorer's Guide to Wildemount
Almiraj,Beast,0,Tomb of Annihilation
Alseid,Fey,1,Mystic Odysseys of Theros
Amber Golem,Construct,10,Curse of Strahd
Ambush Drake,Dragon,1/2,Hoard of the Dragon Queen
Amnizu,Fiend (devil),18,Mordenkainen's Tome of Foes
Amphisbaena,Beast,3,Tales from the Yawning Portal
Amphisbaena,Monstrosity,1/2,Ghosts of Saltmarsh
Anarch,Humanoid (any race),1/4,Guildmasters' Guide to Ravnica
Anchorite of Talos,"Humanoid (half-orc, shapechanger)",3,Essentials Kit: Dragon of Icespire Peak
Ancient Black Dragon,Dragon,21,Monster Manual
Ancient Blue Dragon,Dragon,23,Monster Manual
Ancient Brass Dragon,Dragon,20,Monster Manual
Ancient Bronze Dragon,Dragon,22,Monster Manual
Ancient Copper Dragon,Dragon,21,Monster Manual
Ancient Deep Crow,Monstrosity,15,Acquisitions Incorporated
Ancient Gold Dragon,Dragon,24,Monster Manual
Ancient Green Dragon,Dragon,22,Monster Manual
Ancient Red Dragon,Dragon,24,Monster Manual
Ancient Silver Dragon,Dragon,23,Monster Manual
Ancient White Dragon,Dragon,20,Monster Manual
Androsphinx,Monstrosity,17,Monster Manual
Animated Armor,Construct,1,Monster Manual
Animated Ballista,Construct,2,Waterdeep: Dungeon of the Mad Mage
Animated Drow Statue,Elemental,1,Out of the Abyss
Animated Halberd,Construct,1/4,Curse of Strahd
Animated Jade Serpent,Construct,1/4,Waterdeep: Dungeon of the Mad Mage
Animated Knife,Construct,1/8,Explorer's Guide to Wildemount
Animated Object (Huge),Construct,—,Player's Handbook
Animated Object (Large),Construct,—,Player's Handbook
Animated Object (Medium),Construct,—,Player's Handbook
Animated Object (Small),Construct,—,Player's Handbook
Animated Object (Tiny),Construct,—,Player's Handbook
Animated Staff,Construct,—,Waterdeep: Dungeon of the Mad Mage
Animated Statue of Lolth,Construct,11,Waterdeep: Dungeon of the Mad Mage
Animated Stove,Construct,3,Waterdeep: Dungeon of the Mad Mage
Animated Table,Construct,2,Tales from the Yawning Portal
Animated Tile Chimera,Monstrosity,6,The Rise of Tiamat
Animated Tree,Plant,9,Explorer's Guide to Wildemount
Animated Wand,Construct,—,Waterdeep: Dungeon of the Mad Mage
Ankheg,Monstrosity,2,Monster Manual
Ankylosaurus,Beast,3,Monster Manual
Ankylosaurus Zombie,Undead,3,Tomb of Annihilation
Annis Hag,Fey,6,Volo's Guide to Monsters
Anvilwrought Raptor,Construct,1/2,Mystic Odysseys of Theros
Ape,Beast,1/2,Monster Manual
Aphemia,Monstrosity,5,Mystic Odysseys of Theros
Apprentice Wizard,Humanoid (any race),1/4,Volo's Guide to Monsters
Aquatic Ghoul,Undead,1,Princes of the Apocalypse
Aquatic Troll,Giant,5,The Rise of Tiamat
Arasta,Monstrosity,21,Mystic Odysseys of Theros
Arcanaloth,Fiend (yugoloth),12,Monster Manual
Archdruid,Humanoid (any race),12,Volo's Guide to Monsters
Archer,Humanoid (any race),3,Volo's Guide to Monsters
Archmage,Humanoid (any race),12,Monster Manual
Archon of Falling Stars,Celestial,12,Mystic Odysseys of Theros
Archon of the Triumvirate,Celestial,14,Guildmasters' Guide to Ravnica
Arclight Phoenix,Elemental,12,Guildmasters' Guide to Ravnica
Armanite,Fiend (demon),7,Mordenkainen's Tome of Foes
Armored Saber-Toothed Tiger,Beast,3,Curse of Strahd
Ash Zombie,Undead,1/4,Lost Mine of Phandelver
Ashen Rider,Celestial,16,Mystic Odysseys of Theros
Assassin,Humanoid (any race),8,Monster Manual
Assassin Vine,Plant,3,Tomb of Annihilation
Astral Dreadnought,Monstrosity (titan),21,Mordenkainen's Tome of Foes
Atropal,Undead (titan),13,Tomb of Annihilation
Aurelia,Celestial (angel),23,Guildmasters' Guide to Ravnica
Aurochs,Beast,2,Volo's Guide to Monsters
Autumn Eladrin,Fey (elf),10,Mordenkainen's Tome of Foes
Avatar of Death,Undead,—,Dungeon Master's Guide
Awakened Brown Bear,Beast,1,Waterdeep: Dungeon of the Mad Mage
Awakened Elk,Beast,1/4,Waterdeep: Dungeon of the Mad Mage
Awakened Giant Wasp,Beast,1/2,Waterdeep: Dungeon of the Mad Mage
Awakened Rat,Beast,0,Waterdeep: Dragon Heist
Awakened Shrub,Plant,0,Monster Manual
Awakened Tree,Plant,2,Monster Manual
Awakened White Moose,Beast,3,Icewind Dale: Rime of the Frostmaiden
Awakened Zurkhwood,Plant,2,Out of the Abyss
Axe Beak,Beast,1/4,Monster Manual
Axe of Mirabar Soldier,Humanoid (dwarf),3,Storm King's Thunder
Azer,Elemental,2,Monster Manual
Babau,Fiend (demon),4,Volo's Guide to Monsters
Baboon,Beast,0,Monster Manual
Badger,Beast,0,Monster Manual
Bael,Fiend (devil),19,Mordenkainen's Tome of Foes
Balhannoth,Aberration,11,Mordenkainen's Tome of Foes
Balor,Fiend (demon),19,Monster Manual
Banderhobb,Monstrosity,5,Volo's Guide to Monsters
Bandit,Humanoid (any race),1/8,Monster Manual
Bandit Captain,Humanoid (any race),2,Monster Manual
Banshee,Undead,4,Monster Manual
Baphomet,Fiend (demon),23,Mordenkainen's Tome of Foes
Barbed Devil,Fiend (devil),5,Monster Manual
Bard,Humanoid (any race),2,Volo's Guide to Monsters
Barghest,Fiend (shapechanger),4,Volo's Guide to Monsters
Barlgura,Fiend (demon),5,Monster Manual
Barovian CoMonster Manualoner,Humanoid (any race),0,Curse of Strahd
Barovian Scout,Humanoid (any race),1/2,Curse of Strahd
Barovian Witch,Humanoid (human),1/2,Curse of Strahd
Basilisk,Monstrosity,3,Monster Manual
Bat,Beast,0,Monster Manual
Battleforce Angel,Celestial,5,Guildmasters' Guide to Ravnica
BattlehaMonster Manualer Dwarf,Humanoid (dwarf),1/2,Icewind Dale: Rime of the Frostmaiden
Bearded Devil,Fiend (devil),3,Monster Manual
Beast of the Land,Beast,—,Tasha’s Cauldron of Everything
Beast of the Sea,Beast,—,Tasha’s Cauldron of Everything
Beast of the Sky,Beast,—,Tasha’s Cauldron of Everything
Behir,Monstrosity,11,Monster Manual
Beholder,Aberration,13,Monster Manual
Beholder Zombie,Undead,5,Monster Manual
Belashyrra,Aberration,22,Eberron: Rising from the Last War
Berbalang,Aberration,2,Mordenkainen's Tome of Foes
Berserker,Humanoid (any race),2,Monster Manual
Bestial Spirit,Beast,—,Tasha’s Cauldron of Everything
Bheur Hag,Fey,7,Volo's Guide to Monsters
Big Xorn,Elemental,8,Waterdeep: Dungeon of the Mad Mage
Billy Beaver,Construct,3,The Lost Dungeon of Rickedness: Big Rick Energy
Biomancer,Humanoid (any race),10,Guildmasters' Guide to Ravnica
Black Abishai,Fiend (devil),7,Mordenkainen's Tome of Foes
Black Bear,Beast,1/2,Monster Manual
Black Dragon Wyrmling,Dragon,2,Monster Manual
Black Earth Guard,Humanoid (human),2,Princes of the Apocalypse
Black Earth Priest,Humanoid (human),3,Princes of the Apocalypse
Black Gauntlet of Bane,Humanoid (human),6,Baldur's Gate: Descent Into Avernus
Black Guard Drake,Dragon,2,Volo's Guide to Monsters
Black Pudding,Ooze,4,Monster Manual
Blackguard,Humanoid (any race),8,Volo's Guide to Monsters
Blink Dog,Fey,1/4,Monster Manual
Blistercoil Weird,Elemental,4,Guildmasters' Guide to Ravnica
Blood Drinker Vampire,Undead,8,Guildmasters' Guide to Ravnica
Blood Hawk,Beast,1/8,Monster Manual
Blood Hunter,Humanoid (any race),5,Explorer's Guide to Wildemount
Blood Witch,Humanoid (any race),7,Guildmasters' Guide to Ravnica
Blood-Toll Harpy,Monstrosity,1/8,Mystic Odysseys of Theros
Bloodfray Giant,Giant,6,Guildmasters' Guide to Ravnica
Blue Abishai,Fiend (devil),17,Mordenkainen's Tome of Foes
Blue Dragon Wyrmling,Dragon,3,Monster Manual
Blue Guard Drake,Dragon,2,Volo's Guide to Monsters
Blue Slaad,Aberration,7,Monster Manual
Boar,Beast,1/4,Monster Manual
Bodak,Undead,6,Volo's Guide to Monsters
Boggle,Fey,1/8,Volo's Guide to Monsters
Bone Devil,Fiend (devil),9,Monster Manual
Bone Knight,Humanoid (any race),5,Eberron: Rising from the Last War
Bone Naga (Guardian),Undead,4,Monster Manual
Bone Naga (Spirit),Undead,4,Monster Manual
Bone Whelk,Monstrosity,1/4,Baldur's Gate: Descent Into Avernus
Boneclaw,Undead,12,Mordenkainen's Tome of Foes
Booyahg Booyahg Booyahg,Humanoid (goblinoid),6,Volo's Guide to Monsters
Booyahg Caster,Humanoid (goblinoid),1/4,Volo's Guide to Monsters
Booyahg Slave of the Archfey,Humanoid (goblinoid),4,Volo's Guide to Monsters
Booyahg Slave of the Fiend,Humanoid (goblinoid),7,Volo's Guide to Monsters
Booyahg Slave of the Great Old One,Humanoid (goblinoid),6,Volo's Guide to Monsters
Booyahg Whip,Humanoid (goblinoid),1/4,Volo's Guide to Monsters
Booyahg Wielder,Humanoid (goblinoid),1/4,Volo's Guide to Monsters
Borborygmos,Giant,18,Guildmasters' Guide to Ravnica
Bore Worm,Construct,16,Waterdeep: Dungeon of the Mad Mage
Brain in a Jar,Undead,3,Icewind Dale: Rime of the Frostmaiden
Brass Dragon Wyrmling,Dragon,1,Monster Manual
Bridesmaid of Zuggtmoy,Plant,1/8,Out of the Abyss
Bristled Moorbounder,Beast,3,Explorer's Guide to Wildemount
Broken King Antigonos,Monstrosity,3,Mystic Odysseys of Theros
Brontosaurus,Beast,5,Volo's Guide to Monsters
Bronze Dragon Wyrmling,Dragon,2,Monster Manual
Bronze Sable,Construct,1,Mystic Odysseys of Theros
Bronze Scout,Construct,1,Mordenkainen's Tome of Foes
Broom of Animated Attack,Construct,1/4,Curse of Strahd
Brown Bear,Beast,1,Monster Manual
Bugbear,Humanoid (goblinoid),1,Monster Manual
Bugbear Chief,Humanoid (goblinoid),3,Monster Manual
Bugbear Gardener,Humanoid (goblinoid),1,Tales from the Yawning Portal
Bugbear Lieutenant,Humanoid (goblinoid),1,Tales from the Yawning Portal
Bulette,Monstrosity,5,Monster Manual
Bulezau,Fiend (demon),3,Mordenkainen's Tome of Foes
Bullywug,Humanoid (bullywug),1/4,Monster Manual
Bullywug Croaker,Humanoid (bullywug),2,Ghosts of Saltmarsh
Bullywug Royal,Humanoid (bullywug),3,Ghosts of Saltmarsh
Burnished Hart,Construct,2,Mystic Odysseys of Theros
Burrowshark,Humanoid (human),4,Princes of the Apocalypse
Buster the Bear,Construct,1,The Lost Dungeon of Rickedness: Big Rick Energy
Cackler,Fiend (demon),1/2,Guildmasters' Guide to Ravnica
Cadaver Collector,Construct,14,Mordenkainen's Tome of Foes
Cambion,Fiend,5,Monster Manual
Camel,Beast,1/8,Monster Manual
Canoloth,Fiend (yugoloth),8,Mordenkainen's Tome of Foes
Carnivorous Flower,Plant,5,The Rise of Tiamat
Carrion Crawler,Monstrosity,2,Monster Manual
Carrion Ogre,Giant,2,Waterdeep: Dungeon of the Mad Mage
Cat,Beast,0,Monster Manual
Category 1 Krasis,Monstrosity,1,Guildmasters' Guide to Ravnica
Category 2 Krasis,Monstrosity,6,Guildmasters' Guide to Ravnica
Category 3 Krasis,Monstrosity,16,Guildmasters' Guide to Ravnica
Catoblepas,Monstrosity,5,Volo's Guide to Monsters
Cave Badger,Beast,1/4,Out of the Abyss
Cave Bear,Beast,2,Monster Manual
Cave Fisher,Monstrosity,3,Volo's Guide to Monsters
Celestial Spirit,Celestial,—,Tasha’s Cauldron of Everything
Centaur,Monstrosity,2,Monster Manual
Centaur MuMonster Manualy,Undead,6,Tales from the Yawning Portal
Chain Devil,Fiend (devil),8,Monster Manual
Chamberlain of Zuggtmoy,Plant,2,Out of the Abyss
Champion,Humanoid (any race),9,Volo's Guide to Monsters
Changeling,"Humanoid (changeling, shapechanger)",1/2,Eberron: Rising from the Last War
Chaos Quadrapod,Aberration,4,Acquisitions Incorporated
Chardalyn Berserker,Fiend,4,Icewind Dale: Rime of the Frostmaiden
Chardalyn Dragon,Construct,11,Icewind Dale: Rime of the Frostmaiden
Chasme,Fiend (demon),6,Monster Manual
Chimera,Monstrosity,6,Monster Manual
Chimeric Baboon,Beast,0,Icewind Dale: Rime of the Frostmaiden
Chimeric Cat,Beast,0,Icewind Dale: Rime of the Frostmaiden
Chimeric Fox,Beast,0,Icewind Dale: Rime of the Frostmaiden
Chimeric Hare,Beast,0,Icewind Dale: Rime of the Frostmaiden
Chimeric Rat,Beast,0,Icewind Dale: Rime of the Frostmaiden
Chimeric Weasel,Beast,0,Icewind Dale: Rime of the Frostmaiden
Chitine,Monstrosity,1/2,Volo's Guide to Monsters
Choker,Aberration,1,Mordenkainen's Tome of Foes
Choldrith,Monstrosity,3,Volo's Guide to Monsters
Chuul,Aberration,4,Monster Manual
Chuul Spore Servant,Plant,4,Out of the Abyss
Chwinga,Elemental,0,Icewind Dale: Rime of the Frostmaiden
Chwinga,Elemental,0,Tomb of Annihilation
Clawfoot,Beast,1,Eberron: Rising from the Last War
Clay Gladiator,Construct,5,Tomb of Annihilation
Clay Golem,Construct,9,Monster Manual
Cloaker,Aberration,8,Monster Manual
Clockwork Behir,Construct,11,Oracle of War
Clockwork Dragon,Construct,1,Acquisitions Incorporated
Clockwork Mule,Construct,1/8,Storm King's Thunder
Cloud Giant,Giant,9,Monster Manual
Cloud Giant Noble,Giant,9,Tales from the Yawning Portal
Cloud Giant Smiling One,Giant (cloud giant),11,Volo's Guide to Monsters
Cockatrice,Monstrosity,1/2,Monster Manual
Coldlight Walker,Undead,5,Icewind Dale: Rime of the Frostmaiden
Colossus of Akros,Construct,23,Mystic Odysseys of Theros
CoMonster Manualoner,Humanoid (any race),0,Monster Manual
Conclave Dryad,Fey,9,Guildmasters' Guide to Ravnica
Conjurer,Humanoid (any race),6,Volo's Guide to Monsters
Constrictor Snake,Beast,1/4,Monster Manual
Construct Spirit,Construct,—,Tasha’s Cauldron of Everything
Copper Dragon Wyrmling,Dragon,1,Monster Manual
Core Spawn Crawler,Aberration,1,Explorer's Guide to Wildemount
Core Spawn Emissary,Aberration,6,Explorer's Guide to Wildemount
Core Spawn Seer,Aberration,13,Explorer's Guide to Wildemount
Core Spawn Worm,Aberration,15,Explorer's Guide to Wildemount
Corpse Flower,Plant,8,Mordenkainen's Tome of Foes
Cosmotronic Blastseeker,Humanoid (any race),4,Guildmasters' Guide to Ravnica
Couatl,Celestial,4,Monster Manual
Counterflux Blastseeker,Humanoid (any race),2,Guildmasters' Guide to Ravnica
Cow,Beast,1/4,Volo's Guide to Monsters
Crab,Beast,0,Monster Manual
Crag Cat,Monstrosity,1,Storm King's Thunder
Cranium Rat,Beast,0,Volo's Guide to Monsters
Crawling Claw,Undead,0,Monster Manual
Crocodile,Beast,1/2,Monster Manual
Crow,Beast,0,Waterdeep: Dungeon of the Mad Mage
Crushing Wave Priest,Humanoid (human),2,Princes of the Apocalypse
Crushing Wave Reaver,Humanoid (human),1/2,Princes of the Apocalypse
Crystal Battleaxe,Construct,1/4,Waterdeep: Dungeon of the Mad Mage
Crystal Golem,Construct,10,Waterdeep: Dungeon of the Mad Mage
Cult Fanatic,Humanoid (any race),2,Monster Manual
Cultist,Humanoid (any race),1/8,Monster Manual
Cyclops,Giant,6,Monster Manual
Damaged Flesh Golem,Construct,1,Explorer's Guide to Wildemount
Dancing Item,Construct,—,Tasha’s Cauldron of Everything
Dao,Elemental,11,Monster Manual
Dark Tide Knight,Humanoid (human),3,Princes of the Apocalypse
Darkling,Fey,1/2,Volo's Guide to Monsters
Darkling Elder,Fey,2,Volo's Guide to Monsters
Darkmantle,Monstrosity,1/2,Monster Manual
Deadstone Cleft Stone Giant,Giant,7,Storm King's Thunder
Death Dog,Monstrosity,1,Monster Manual
Death Kiss,Aberration,10,Volo's Guide to Monsters
Death Knight,Undead,17,Monster Manual
Death Slaad,Aberration (shapechanger),10,Monster Manual
Death Tyrant,Undead,14,Monster Manual
Death's Head of Bhaal,Humanoid (human),5,Baldur's Gate: Descent Into Avernus
Deathlock,Undead,4,Mordenkainen's Tome of Foes
Deathlock Mastermind,Undead,8,Mordenkainen's Tome of Foes
Deathlock Wight,Undead,3,Mordenkainen's Tome of Foes
Deathpact Angel,Celestial,14,Guildmasters' Guide to Ravnica
Deep Crow,Monstrosity,9,Acquisitions Incorporated
Deep Gnome (Svirfneblin),Humanoid (gnome),1/2,Monster Manual
Deep Rothé,Beast,1/4,Volo's Guide to Monsters
Deep Scion,Humanoid (shapechanger),3,Volo's Guide to Monsters
Deer,Beast,0,Monster Manual
Deinonychus,Beast,1,Volo's Guide to Monsters
Demilich,Undead,18,Monster Manual
Demogorgon,Monstrosity,4,Hunt for the Thessalhydra
Demogorgon,Fiend (demon),26,Mordenkainen's Tome of Foes
Demos Magen,Construct,2,Icewind Dale: Rime of the Frostmaiden
Derro,Humanoid (derro),1/4,Mordenkainen's Tome of Foes
Derro Savant,Humanoid (derro),3,Mordenkainen's Tome of Foes
Deva,Celestial,10,Monster Manual
Devkarin Lich,Undead,14,Guildmasters' Guide to Ravnica
Devourer,Fiend,13,Volo's Guide to Monsters
Dhergoloth,Fiend (yugoloth),7,Mordenkainen's Tome of Foes
Diatryma,Beast,1/4,Waterdeep: Dragon Heist
Dimetrodon,Beast,1/4,Volo's Guide to Monsters
Dining Table Mimic,Monstrosity (shapechanger),3,Waterdeep: Dragon Heist
Dire Troll,Giant,13,Mordenkainen's Tome of Foes
Dire Wolf,Beast,1,Monster Manual
Displacer Beast,Monstrosity,3,Monster Manual
Distended Corpse,Humanoid (any race),0,Curse of Strahd
Diviner,Humanoid (any race),8,Volo's Guide to Monsters
Djinni,Elemental,11,Monster Manual
Dolgaunt,Aberration,3,Eberron: Rising from the Last War
Dolgrim,Aberration,1/2,Eberron: Rising from the Last War
Dolphin,Beast,1/8,Volo's Guide to Monsters
Doomwake Giant,Giant,11,Mystic Odysseys of Theros
Doppelganger,Monstrosity (shapechanger),3,Monster Manual
Draegloth,Fiend (demon),7,Volo's Guide to Monsters
Draft Horse,Beast,1/4,Monster Manual
Dragon Turtle,Dragon,17,Monster Manual
Dragonclaw,Humanoid (human),1,Hoard of the Dragon Queen
Dragonfang,Humanoid (human),5,The Rise of Tiamat
Dragonpriest,Giant,5,Tales from the Yawning Portal
Dragonsoul,Humanoid (human),7,The Rise of Tiamat
Dragonwing,Humanoid (human),2,Hoard of the Dragon Queen
Dread Warrior,Undead,1,Tales from the Yawning Portal
Dretch,Fiend (demon),1/4,Monster Manual
Drider,Monstrosity,6,Monster Manual
Drow,Humanoid (elf),1/4,Monster Manual
Drow Acolyte,Humanoid (elf),1/4,Out of the Abyss
Drow Arachnomancer,Humanoid (elf),13,Mordenkainen's Tome of Foes
Drow Bandit,Humanoid (elf),1/8,Out of the Abyss
Drow CoMonster Manualander,Humanoid (elf),5,Tales from the Yawning Portal
Drow CoMonster Manualoner,Humanoid (elf),0,Out of the Abyss
Drow Cultist,Humanoid (elf),1/8,Out of the Abyss
Drow Elite Warrior,Humanoid (elf),5,Monster Manual
Drow Favored Consort,Humanoid (elf),18,Mordenkainen's Tome of Foes
Drow Guard,Humanoid (elf),1/8,Out of the Abyss
Drow Gunslinger,Humanoid (elf),4,Waterdeep: Dragon Heist
Drow House Captain,Humanoid (elf),9,Mordenkainen's Tome of Foes
Drow Inquisitor,Humanoid (elf),14,Mordenkainen's Tome of Foes
Drow Mage,Humanoid (elf),7,Monster Manual
Drow Matron Mother,Humanoid (elf),20,Mordenkainen's Tome of Foes
Drow Noble,Humanoid (elf),1/8,Out of the Abyss
Drow Priestess of Lolth,Humanoid (elf),8,Monster Manual
Drow Scout,Humanoid (elf),1/2,Out of the Abyss
Drow Shadowblade,Humanoid (elf),11,Mordenkainen's Tome of Foes
Drow Spore Servant,Plant,1/8,Out of the Abyss
Drow Spy,Humanoid (elf),1,Out of the Abyss
Drowned Ascetic,Undead,3,Ghosts of Saltmarsh
Drowned Assassin,Undead,4,Ghosts of Saltmarsh
Drowned Blade,Undead,2,Ghosts of Saltmarsh
Drowned Master,Undead,9,Ghosts of Saltmarsh
Druid,Humanoid (any race),2,Monster Manual
Druid of the Old Ways,Humanoid (any race),7,Guildmasters' Guide to Ravnica
Dryad,Fey,1,Monster Manual
Dryad Spirit,Undead,4,Baldur's Gate: Descent Into Avernus
Duergar,Humanoid (dwarf),1,Monster Manual
Duergar Alchemist,Humanoid (dwarf),1,Out of the Abyss
Duergar Darkhaft,Humanoid (dwarf),2,Out of the Abyss
Duergar Despot,Humanoid (dwarf),12,Mordenkainen's Tome of Foes
Duergar HaMonster Manualerer,Construct,2,Mordenkainen's Tome of Foes
Duergar Kavalrachni,Humanoid (dwarf),2,Mordenkainen's Tome of Foes
Duergar Keeper of the Flame,Humanoid (dwarf),2,Out of the Abyss
Duergar Mind Master,Humanoid (dwarf),2,Mordenkainen's Tome of Foes
Duergar Screamer,Construct,3,Mordenkainen's Tome of Foes
Duergar Soulblade,Humanoid (dwarf),1,Mordenkainen's Tome of Foes
Duergar Spore Servant,Plant,1/2,Out of the Abyss
Duergar Spy,Humanoid (dwarf),2,Tales from the Yawning Portal
Duergar Stone Guard,Humanoid (dwarf),2,Mordenkainen's Tome of Foes
Duergar Warlord,Humanoid (dwarf),6,Mordenkainen's Tome of Foes
Duergar Xarrorn,Humanoid (dwarf),2,Mordenkainen's Tome of Foes
Duodrone,Construct,1/4,Monster Manual
Dusk Hag,Fey,6,Eberron: Rising from the Last War
Dust Mephit,Elemental,1/2,Monster Manual
Dybbuk,Fiend (demon),4,Mordenkainen's Tome of Foes
Dyrrn,Aberration,24,Eberron: Rising from the Last War
Eagle,Beast,0,Monster Manual
Earth Elemental,Elemental,5,Monster Manual
Earth Elemental Myrmidon,Elemental,7,Mordenkainen's Tome of Foes
Eater of Hope,Fiend,6,Mystic Odysseys of Theros
Eblis,Monstrosity,1,Tomb of Annihilation
Efreeti,Elemental,11,Monster Manual
Eidolon,Undead,12,Mordenkainen's Tome of Foes
Elder Black Pudding,Ooze,4,Tales from the Yawning Portal
Elder Brain,Aberration,14,Volo's Guide to Monsters
Elder Giant Lizard,Beast,5,Tales from the Yawning Portal
Elder Oblex,Ooze,10,Mordenkainen's Tome of Foes
Elder Tempest,Elemental,23,Mordenkainen's Tome of Foes
Elemental Spirit,Elemental,—,Tasha’s Cauldron of Everything
Elephant,Beast,4,Monster Manual
Elk,Beast,1/4,Monster Manual
Emberhorn Minotaur,Monstrosity,3,Princes of the Apocalypse
Emerald Enclave Scout,Humanoid (dwarf),1/2,Out of the Abyss
Empyrean,Celestial (titan),23,Monster Manual
Enchanter,Humanoid (any race),5,Volo's Guide to Monsters
Engineer,Humanoid (Rock gnome),1/4,Waterdeep: Dragon Heist
Enormous Tentacle,Beast,2,Oracle of War
Erinyes,Fiend (devil),12,Monster Manual
Eternal Flame Guardian,Humanoid (human),2,Princes of the Apocalypse
Eternal Flame Priest,Humanoid (human),3,Princes of the Apocalypse
Ettercap,Monstrosity,2,Monster Manual
Ettin,Giant,4,Monster Manual
Evil Mage,Humanoid (human),1,Lost Mine of Phandelver
Evoker,Humanoid (any race),9,Volo's Guide to Monsters
Expeditious Messenger,Construct,1/8,Eberron: Rising from the Last War
Expert,Humanoid,—,Essentials Kit: Divine Contention
Expert,Humanoid,—,Essentials Kit
Expert,Humanoid,—,Essentials Kit: Sleeping Dragon's Wake
Expert,Humanoid,—,Essentials Kit: Storm Lord's Wrath
Faerie Dragon (Blue),Dragon,2,Monster Manual
Faerie Dragon (Green),Dragon,2,Monster Manual
Faerie Dragon (Indigo),Dragon,2,Monster Manual
Faerie Dragon (Orange),Dragon,1,Monster Manual
Faerie Dragon (Red),Dragon,1,Monster Manual
Faerie Dragon (Violet),Dragon,2,Monster Manual
Faerie Dragon (Yellow),Dragon,1,Monster Manual
Falcon,Beast,0,Waterdeep: Dragon Heist
Fastieth,Beast,1/4,Eberron: Rising from the Last War
Fathomer,Humanoid (human),2,Princes of the Apocalypse
Feathergale Knight,Humanoid (human),1,Princes of the Apocalypse
Felbarren Dwarf,Humanoid (dwarf),1/8,Storm King's Thunder
Felidar,Celestial,5,Guildmasters' Guide to Ravnica
Female Steeder,Monstrosity,1,Mordenkainen's Tome of Foes
Fey Spirit,Fey,—,Tasha’s Cauldron of Everything
Fiendish Flesh Golem,Construct,8,Baldur's Gate: Descent Into Avernus
Fiendish Giant Spider,Beast,1/2,Out of the Abyss
Fiendish Spirit,Fiend,—,Tasha’s Cauldron of Everything
Fire Elemental,Elemental,5,Monster Manual
Fire Elemental Myrmidon,Elemental,7,Mordenkainen's Tome of Foes
Fire Giant,Giant,9,Monster Manual
Fire Giant Dreadnought,Giant (fire giant),14,Volo's Guide to Monsters
Fire Giant Royal Headsman,Giant,9,Tales from the Yawning Portal
Fire Giant Servant,Giant,5,Tales from the Yawning Portal
Fire Snake,Elemental,1,Monster Manual
Firefist,Humanoid (any race),7,Guildmasters' Guide to Ravnica
Firemane Angel,Celestial,12,Guildmasters' Guide to Ravnica
Firenewt Warlock of Imix,Humanoid (firenewt),1,Volo's Guide to Monsters
Firenewt Warrior,Humanoid (firenewt),1/2,Volo's Guide to Monsters
Fish,Beast,0,Ghosts of Saltmarsh
Fist of Bane,Humanoid (human),1/2,Baldur's Gate: Descent Into Avernus
Five-Armed Troll,Giant,5,Waterdeep: Dungeon of the Mad Mage
Flail Snail,Elemental,3,Volo's Guide to Monsters
Flameskull,Undead,4,Monster Manual
Flamewrath,Humanoid (human),6,Princes of the Apocalypse
Fleecemane Lion,Monstrosity,3,Mystic Odysseys of Theros
Flesh Golem,Construct,5,Monster Manual
Flind,Humanoid (gnoll),9,Volo's Guide to Monsters
Flitterstep Eidolon,Undead,3,Mystic Odysseys of Theros
Flumph,Aberration,1/8,Monster Manual
Flux Blastseeker,Humanoid (any race),5,Guildmasters' Guide to Ravnica
Fluxcharger,Elemental,7,Guildmasters' Guide to Ravnica
Flying Dagger,Construct,1/4,Baldur's Gate: Descent Into Avernus
Flying Horror,Aberration,3,Guildmasters' Guide to Ravnica
Flying Monkey,Beast,0,Tomb of Annihilation
Flying Shield,Construct,1/4,Tales from the Yawning Portal
Flying Snake,Beast,1/8,Monster Manual
Flying Staff,Construct,1/4,Waterdeep: Dragon Heist
Flying Sword,Construct,1/4,Monster Manual
Flying Trident,Construct,1/4,Waterdeep: Dungeon of the Mad Mage
Fomorian,Giant,8,Monster Manual
Four-Armed Gargoyle,Elemental,2,Tales from the Yawning Portal
Four-Armed Statue,Construct,10,Out of the Abyss
Fox,Beast,0,Icewind Dale: Rime of the Frostmaiden
Fraz-Urb'luu,Fiend (demon),23,Mordenkainen's Tome of Foes
Frog,Beast,0,Monster Manual
Froghemoth,Monstrosity,10,Volo's Guide to Monsters
Frontline Medic,Humanoid (any race),1/4,Guildmasters' Guide to Ravnica
Frost Druid,Humanoid (human),5,Icewind Dale: Rime of the Frostmaiden
Frost Giant,Giant,8,Monster Manual
Frost Giant Everlasting One,Giant (frost giant),12,Volo's Guide to Monsters
Frost Giant Servant,Giant,5,Tales from the Yawning Portal
Frost Giant Skeleton,Undead,6,Icewind Dale: Rime of the Frostmaiden
Frost Giant Zombie,Undead,9,Explorer's Guide to Wildemount
Frost Salamander,Elemental,9,Mordenkainen's Tome of Foes
Frost Worm,Monstrosity,17,Explorer's Guide to Wildemount
Galeb Duhr,Elemental,6,Monster Manual
Galvan Magen,Construct,3,Icewind Dale: Rime of the Frostmaiden
Galvanic Blastseeker,Humanoid (any race),5,Guildmasters' Guide to Ravnica
Galvanice Weird,Elemental,1,Guildmasters' Guide to Ravnica
Gargantuan Rug of Smothering,Construct,2,Tales from the Yawning Portal
Gargoyle,Elemental,2,Monster Manual
Gas Spore,Plant,1/2,Monster Manual
Gauth,Aberration,6,Volo's Guide to Monsters
Gazer,Aberration,1/2,Volo's Guide to Monsters
Gearkeeper Construct,Construct,10,Explorer's Guide to Wildemount
Gelatinous Cube,Ooze,2,Monster Manual
Geryon,Fiend (devil),22,Mordenkainen's Tome of Foes
Ghast,Undead,2,Monster Manual
Ghost,Undead,4,Monster Manual
Ghostblade Eidolon,Undead,5,Mystic Odysseys of Theros
Ghoul,Undead,1,Monster Manual
Giant Ape,Beast,7,Monster Manual
Giant Badger,Beast,1/4,Monster Manual
Giant Bat,Beast,1/4,Monster Manual
Giant Boar,Beast,2,Monster Manual
Giant Centipede,Beast,1/4,Monster Manual
Giant Constrictor Snake,Beast,2,Monster Manual
Giant Coral Snake,Beast,4,Ghosts of Saltmarsh
Giant Crab,Beast,1/8,Monster Manual
Giant Crayfish,Beast,2,Tales from the Yawning Portal
Giant Crocodile,Beast,5,Monster Manual
Giant Eagle,Beast,1,Monster Manual
Giant Elk,Beast,2,Monster Manual
Giant Fire Beetle,Beast,0,Monster Manual
Giant Fly,Beast,—,Dungeon Master's Guide
Giant Flying Spider,Beast,1,Waterdeep: Dungeon of the Mad Mage
Giant Four-Armed Gargoyle,Elemental,10,Tomb of Annihilation
Giant Frog,Beast,1/4,Monster Manual
Giant Goat,Beast,1/2,Monster Manual
Giant Hyena,Beast,1,Monster Manual
Giant Ice Toad,Monstrosity,3,Tales from the Yawning Portal
Giant Lightning Eel,Beast,3,Tales from the Yawning Portal
Giant Lizard,Beast,1/4,Monster Manual
Giant Mutated Drow,Humanoid (elf),9,Waterdeep: Dungeon of the Mad Mage
Giant Octopus,Beast,1,Monster Manual
Giant Owl,Beast,1/4,Monster Manual
Giant Poisonous Snake,Beast,1/4,Monster Manual
Giant Rat,Beast,1/8,Monster Manual
Giant Raven,Beast,1,Storm King's Thunder
Giant Riding Lizard,Beast,1/4,Out of the Abyss
Giant Rocktopus,Beast,1,Out of the Abyss
Giant Scorpion,Beast,3,Monster Manual
Giant Sea Eel,Beast,1/2,Ghosts of Saltmarsh
Giant Sea Horse,Beast,1/2,Monster Manual
Giant Shark,Beast,5,Monster Manual
Giant Shark Skeleton,Undead,5,Essentials Kit: Sleeping Dragon's Wake
Giant Skeleton,Undead,7,Tales from the Yawning Portal
Giant Snapping Turtle,Beast,3,Tomb of Annihilation
Giant Spider,Beast,1,Monster Manual
Giant Strider,Monstrosity,1,Volo's Guide to Monsters
Giant Subterranean Lizard,Beast,4,Tales from the Yawning Portal
Giant Toad,Beast,1,Monster Manual
Giant Vulture,Beast,1,Monster Manual
Giant Walrus,Beast,4,Icewind Dale: Rime of the Frostmaiden
Giant Wasp,Beast,1/2,Monster Manual
Giant Weasel,Beast,1/8,Monster Manual
Giant White Moray Eel,Beast,2,Ghosts of Saltmarsh
Giant Wolf Spider,Beast,1/4,Monster Manual
Gibbering Mouther,Aberration,2,Monster Manual
Giff,Humanoid,3,Mordenkainen's Tome of Foes
Girallon,Monstrosity,4,Volo's Guide to Monsters
Girallon Zombie,Undead,3,Tomb of Annihilation
Githyanki Gish,Humanoid (gith),10,Mordenkainen's Tome of Foes
Githyanki Kith'rak,Humanoid (gith),12,Mordenkainen's Tome of Foes
Githyanki Knight,Humanoid (gith),8,Monster Manual
Githyanki Supreme CoMonster Manualander,Humanoid (gith),14,Mordenkainen's Tome of Foes
Githyanki Warrior,Humanoid (gith),3,Monster Manual
Githzerai Anarch,Humanoid (gith),16,Mordenkainen's Tome of Foes
Githzerai Enlightened,Humanoid (gith),10,Mordenkainen's Tome of Foes
Githzerai Monk,Humanoid (gith),2,Monster Manual
Githzerai Zerth,Humanoid (gith),6,Monster Manual
Glabrezu,Fiend (demon),9,Monster Manual
Gladiator,Humanoid (any race),5,Monster Manual
Gloamwing,Undead,8,Guildmasters' Guide to Ravnica
Gloom Weaver,Humanoid (elf),9,Mordenkainen's Tome of Foes
Gloomstalker,Monstrosity,6,Explorer's Guide to Wildemount
Gnoll,Humanoid (gnoll),1/2,Monster Manual
Gnoll Fang of Yeenoghu,Fiend (gnoll),4,Monster Manual
Gnoll Flesh Gnawer,Humanoid (gnoll),1,Volo's Guide to Monsters
Gnoll Hunter,Humanoid (gnoll),1/2,Volo's Guide to Monsters
Gnoll Pack Lord,Humanoid (gnoll),2,Monster Manual
Gnoll Vampire,Undead (shapechanger),8,Icewind Dale: Rime of the Frostmaiden
Gnoll Witherling,Undead,1/4,Volo's Guide to Monsters
Gnome Ceremorph,Aberration,5,Icewind Dale: Rime of the Frostmaiden
Gnome Squidling,Aberration,1/2,Icewind Dale: Rime of the Frostmaiden
Goat,Beast,0,Monster Manual
Goblin,Humanoid (goblinoid),1/4,Monster Manual
Goblin Boss,Humanoid (goblinoid),1,Monster Manual
Goblin CoMonster Manualoner,Humanoid (goblinoid),0,Tales from the Yawning Portal
Goblin Gang Member,Humanoid (goblinoid),1/4,Krenko's Way
Gold Dragon Wyrmling,Dragon,3,Monster Manual
Gold-Forged Sentinel,Construct,5,Mystic Odysseys of Theros
Golden Stag,Beast,1/4,Hoard of the Dragon Queen
Golgari Shaman,Humanoid (elf),5,Guildmasters' Guide to Ravnica
Goliath Warrior,Humanoid (goliath),3,Icewind Dale: Rime of the Frostmaiden
Goliath Werebear,"Humanoid (goliath, shapechanger)",8,Icewind Dale: Rime of the Frostmaiden
Gorgon,Monstrosity,5,Monster Manual
Goristro,Fiend (demon),17,Monster Manual
Gorzil's Gang Troglodyte,Humanoid (troglodyte),1/4,Waterdeep: Dungeon of the Mad Mage
Gray Ooze,Ooze,1/2,Monster Manual
Gray Render,Monstrosity,12,Mordenkainen's Tome of Foes
Gray Slaad,Aberration (shapechanger),9,Monster Manual
Graz'zt,"Fiend (demon, shapechanger)",24,Mordenkainen's Tome of Foes
Greater Zombie,Undead,5,Tales from the Yawning Portal
Green Abishai,Fiend (devil),15,Mordenkainen's Tome of Foes
Green Dragon Wyrmling,Dragon,2,Monster Manual
Green Guard Drake,Dragon,2,Volo's Guide to Monsters
Green Hag,Fey,3,Monster Manual
Green Slaad,Aberration (shapechanger),8,Monster Manual
Grell,Aberration,3,Monster Manual
Grick,Monstrosity,2,Monster Manual
Grick Alpha,Monstrosity,7,Monster Manual
Griffon,Monstrosity,2,Monster Manual
Griffon Cavalry Rider,Humanoid (any race),2,Waterdeep: Dragon Heist
Grimlock,Humanoid (grimlock),1/4,Monster Manual
Grung,Humanoid (grung),1/4,Volo's Guide to Monsters
Grung Elite Warrior,Humanoid (grung),2,Volo's Guide to Monsters
Grung Wildling,Humanoid (grung),1,Volo's Guide to Monsters
Guard,Humanoid (any race),1/8,Monster Manual
Guard Drake,Dragon,2,Hoard of the Dragon Queen
Guardian Giant,Giant,8,Guildmasters' Guide to Ravnica
Guardian Naga,Monstrosity,10,Monster Manual
Guardian Portrait,Construct,1,Curse of Strahd
Guardian Wolf,Monstrosity,4,Explorer's Guide to Wildemount
Gynosphinx,Monstrosity,11,Monster Manual
Hadrosaurus,Beast,1/4,Volo's Guide to Monsters
Halaster Horror,Construct,4,Waterdeep: Dungeon of the Mad Mage
Half-Blue Dragon Gladiator,Humanoid (any race),5,The Rise of Tiamat
Half-Green Dragon Assassin,Humanoid (any race),8,The Rise of Tiamat
Half-Ogre (Ogrillon),Giant,1,Monster Manual
Half-Red Dragon Gladiator,Humanoid (any race),5,The Rise of Tiamat
Half-Red Dragon Veteran,Humanoid (human),5,Monster Manual
Hare,Beast,0,Icewind Dale: Rime of the Frostmaiden
Harpy,Monstrosity,1,Monster Manual
Harpy Matriarch,Monstrosity,5,Ghosts of Saltmarsh
Hashalaq Quori,Aberration,9,Eberron: Rising from the Last War
Hawk,Beast,0,Monster Manual
Headless Iron Golem,Construct,10,Icewind Dale: Rime of the Frostmaiden
Hell Hound,Fiend,3,Monster Manual
Hellfire Engine,Construct,16,Mordenkainen's Tome of Foes
Hellwasp,Fiend,5,Baldur's Gate: Descent Into Avernus
Hellwasp Grub,Beast,1/4,Baldur's Gate: Descent Into Avernus
Helmed Horror,Construct,4,Monster Manual
Hezrou,Fiend (demon),8,Monster Manual
Hill Giant,Giant,5,Monster Manual
Hill Giant Sergeant,Giant,5,Tales from the Yawning Portal
Hill Giant Servant,Giant,2,Tales from the Yawning Portal
Hill Giant Subchief,Giant,7,Tales from the Yawning Portal
Hippocamp,Monstrosity,1/2,Mystic Odysseys of Theros
Hippogriff,Monstrosity,1,Monster Manual
Hobgoblin,Humanoid (goblinoid),1/2,Monster Manual
Hobgoblin Captain,Humanoid (goblinoid),3,Monster Manual
Hobgoblin Devastator,Humanoid (goblinoid),4,Volo's Guide to Monsters
Hobgoblin Iron Shadow,Humanoid (goblinoid),2,Volo's Guide to Monsters
Hobgoblin Warlord,Humanoid (goblinoid),6,Monster Manual
Hollyphant,Celestial,5,Baldur's Gate: Descent Into Avernus
Homunculus,Construct,0,Monster Manual
Homunculus Servant,Construct,—,Tasha’s Cauldron of Everything
Hook Horror,Monstrosity,3,Monster Manual
Hook Horror Spore Servant,Plant,3,Out of the Abyss
Horizonback Tortoise,Monstrosity,7,Explorer's Guide to Wildemount
Horncaller,Humanoid (any race),1,Guildmasters' Guide to Ravnica
Horned Devil,Fiend (devil),11,Monster Manual
Horned Sister,Humanoid (tiefling),6,Waterdeep: Dungeon of the Mad Mage
Howler,Fiend,8,Mordenkainen's Tome of Foes
Howling Hatred Initiate,Humanoid (human),1/8,Princes of the Apocalypse
Howling Hatred Priest,Humanoid (human),2,Princes of the Apocalypse
Huge Giant Crab,Beast,8,Tales from the Yawning Portal
Huge Gray Ooze,Ooze,8,Waterdeep: Dungeon of the Mad Mage
Huge Ochre Jelly,Ooze,2,Tales from the Yawning Portal
Huge Polar Bear,Beast,2,Tales from the Yawning Portal
Huge Stone Golem,Construct,10,Storm King's Thunder
Hulking Crab,Beast,5,Storm King's Thunder
Hundred-Handed One,Giant,15,Mystic Odysseys of Theros
Hunter Shark,Beast,2,Monster Manual
Hurricane,Humanoid (human),2,Princes of the Apocalypse
Husk Zombie,Undead,1,Explorer's Guide to Wildemount
Hutijin,Fiend (devil),21,Mordenkainen's Tome of Foes
Hybrid Brute,Humanoid (Simic hybrid),2,Guildmasters' Guide to Ravnica
Hybrid Flier,Humanoid (Simic hybrid),2,Guildmasters' Guide to Ravnica
Hybrid Poisoner,Humanoid (Simic hybrid),1,Guildmasters' Guide to Ravnica
Hybrid Shocker,Humanoid (Simic hybrid),1,Guildmasters' Guide to Ravnica
Hybrid Spy,Humanoid (Simic hybrid),1/2,Guildmasters' Guide to Ravnica
Hydra,Monstrosity,8,Monster Manual
Hydroloth,Fiend (yugoloth),9,Mordenkainen's Tome of Foes
Hyena,Beast,0,Monster Manual
Hypnos Magen,Construct,1,Icewind Dale: Rime of the Frostmaiden
Hythonia,Monstrosity,17,Mystic Odysseys of Theros
Ice Devil,Fiend (devil),14,Monster Manual
Ice Mephit,Elemental,1/2,Monster Manual
Ice Piercer,Monstrosity,1/2,Icewind Dale: Rime of the Frostmaiden
Ice Spider,Beast,1,Storm King's Thunder
Ice Spider Queen,Beast,2,Storm King's Thunder
Ice Toad,Monstrosity,1,The Rise of Tiamat
Ice Troll,Giant,5,The Rise of Tiamat
Ice Troll,Giant,8,Icewind Dale: Rime of the Frostmaiden
Icewind Kobold,Humanoid (kobold),1/8,Icewind Dale: Rime of the Frostmaiden
Icewind Kobold Zombie,Undead,1/8,Icewind Dale: Rime of the Frostmaiden
Illithilich,Undead,22,Volo's Guide to Monsters
Illusionist,Humanoid (any race),3,Volo's Guide to Monsters
Imp,Fiend (devil),1,Monster Manual
Incubus,Fiend (shapechanger),4,Monster Manual
Indentured Spirit,Undead,1,Guildmasters' Guide to Ravnica
Infant Basilisk,Monstrosity,0,Out of the Abyss
Infant Hook Horror,Monstrosity,0,Out of the Abyss
Inspired,Humanoid (human),2,Eberron: Rising from the Last War
Intellect Devourer,Aberration,2,Monster Manual
Intelligent Black Pudding,Ooze,4,Waterdeep: Dungeon of the Mad Mage
Invisible Stalker,Elemental,6,Monster Manual
Iron Cobra,Construct,4,Mordenkainen's Tome of Foes
Iron Consul,Humanoid (human),2,Baldur's Gate: Descent Into Avernus
Iron Defender,Construct,1,Eberron: Rising from the Last War
Iron Golem,Construct,16,Monster Manual
Ironscale Hydra,Monstrosity,12,Mystic Odysseys of Theros
Isperia,Monstrosity,21,Guildmasters' Guide to Ravnica
Ixitxachitl,Aberration,1/4,Out of the Abyss
Ixitxachitl Cleric,Aberration,1/4,Out of the Abyss
Jackal,Beast,0,Monster Manual
Jackalwere,Humanoid (shapechanger),1/2,Monster Manual
Jaculi,Beast,1/2,Tomb of Annihilation
Jade Giant Spider,Construct,10,Out of the Abyss
Jarad Vod Savo,Undead,22,Guildmasters' Guide to Ravnica
Juiblex,Fiend (demon),23,Mordenkainen's Tome of Foes
Junior Drow Priestess of Lolth,Humanoid (elf),2,Waterdeep: Dungeon of the Mad Mage
Juvenile Hook Horror,Monstrosity,2,Out of the Abyss
Juvenile Kraken,Monstrosity (titan),14,Ghosts of Saltmarsh
Juvenile Mimic,Monstrosity (shapechanger),0,Tasha’s Cauldron of Everything
Kalaraq Quori,Aberration,19,Eberron: Rising from the Last War
Kalashtar,Humanoid (kalashtar),1/4,Eberron: Rising from the Last War
Kamadan,Monstrosity,4,Tomb of Annihilation
Karrnathi Undead Soldier,Undead,3,Eberron: Rising from the Last War
Keg Robot,Construct,2,Acquisitions Incorporated
Kelpie,Plant,4,Tales from the Yawning Portal
Kenku,Humanoid (kenku),1/4,Monster Manual
Ki-rin,Celestial,12,Volo's Guide to Monsters
Killer Whale,Beast,3,Monster Manual
Knight,Humanoid (any race),3,Monster Manual
Knight of the Black Sword,Humanoid (any race),2,Icewind Dale: Rime of the Frostmaiden
Knight of the Mithral Shield,Humanoid (dwarf),3,Storm King's Thunder
Knight of the Order,Undead,5,Curse of Strahd
Knucklehead Trout,Beast,0,Icewind Dale: Rime of the Frostmaiden
Koalinth,Humanoid (goblinoid),1/2,Ghosts of Saltmarsh
Koalinth Sergeant,Humanoid (goblinoid),2,Ghosts of Saltmarsh
Kobold,Humanoid (kobold),1/8,Monster Manual
Kobold CoMonster Manualoner,Humanoid (kobold),0,Tales from the Yawning Portal
Kobold Dragonshield,Humanoid (kobold),1,Volo's Guide to Monsters
Kobold Elite,Humanoid (kobold),1/8,Tales from the Yawning Portal
Kobold Inventor,Humanoid (kobold),1/4,Volo's Guide to Monsters
Kobold Scale Sorcerer,Humanoid (kobold),1,Volo's Guide to Monsters
Kobold Underling,Humanoid (kobold),1/8,Explorer's Guide to Wildemount
Kobold Vampire Spawn,Undead,3,Icewind Dale: Rime of the Frostmaiden
Korred,Fey,7,Volo's Guide to Monsters
Kraken,Monstrosity (titan),23,Monster Manual
Kraken Priest,Humanoid (any race),5,Volo's Guide to Monsters
Kraul Death Priest,Humanoid (kraul),4,Guildmasters' Guide to Ravnica
Kraul Warrior,Humanoid (kraul),1/2,Guildmasters' Guide to Ravnica
Kruthik Hive Lord,Monstrosity,5,Mordenkainen's Tome of Foes
Kuo-toa,Humanoid (kuo-toa),1/4,Monster Manual
Kuo-toa Archpriest,Humanoid (kuo-toa),6,Monster Manual
Kuo-toa Monitor,Humanoid (kuo-toa),3,Monster Manual
Kuo-toa Whip,Humanoid (kuo-toa),1,Monster Manual
Lacedon,Undead,1,Tales from the Yawning Portal
Lady Illmarrow,Undead,22,Eberron: Rising from the Last War
Lamia,Monstrosity,4,Monster Manual
Lampad,Fey,3,Mystic Odysseys of Theros
Large Mimic,Monstrosity (shapechanger),2,Waterdeep: Dungeon of the Mad Mage
Large Mimic,Monstrosity (shapechanger),3,The Lost Dungeon of Rickedness: Big Rick Energy
Larva,Fiend,0,Dungeon Master's Guide
Lava Child,Humanoid (lava child),3,Waterdeep: Dungeon of the Mad Mage
Lawmage,Humanoid (any race),6,Guildmasters' Guide to Ravnica
Layla the Lizard,Construct,1,The Lost Dungeon of Rickedness: Big Rick Energy
Lazav,Monstrosity (shapechanger),17,Guildmasters' Guide to Ravnica
Lemure,Fiend (devil),0,Monster Manual
Leonin Iconoclast,Humanoid (leonin),5,Mystic Odysseys of Theros
Lesser MuMonster Manualy Lord,Undead,15,Tales from the Yawning Portal
Leucrotta,Monstrosity,3,Volo's Guide to Monsters
Leviathan,Elemental,20,Mordenkainen's Tome of Foes
Lich,Undead,21,Monster Manual
Lion,Beast,1,Monster Manual
Living Bigby's Hand,Construct,4,Icewind Dale: Rime of the Frostmaiden
Living Blade of Disaster,Construct,8,Icewind Dale: Rime of the Frostmaiden
Living Burning Hands,Construct,1,Eberron: Rising from the Last War
Living Cloudkill,Construct,7,Eberron: Rising from the Last War
Living Demiplane,Construct,0,Icewind Dale: Rime of the Frostmaiden
Living Iron Statue,Construct,5,Ghosts of Saltmarsh
Living Lightning Bolt,Construct,5,Eberron: Rising from the Last War
Living Unseen Servant,Construct,0,Waterdeep: Dungeon of the Mad Mage
Lizard,Beast,0,Monster Manual
Lizard King,Humanoid (lizardfolk),4,Monster Manual
Lizard Queen,Humanoid (lizardfolk),4,Monster Manual
Lizardfolk,Humanoid (lizardfolk),1/2,Monster Manual
Lizardfolk CoMonster Manualoner,Humanoid (lizardfolk),1/4,Ghosts of Saltmarsh
Lizardfolk Render,Humanoid (lizardfolk),3,Ghosts of Saltmarsh
Lizardfolk Scaleshield,Humanoid (lizardfolk),1,Ghosts of Saltmarsh
Lizardfolk Shaman,Humanoid (lizardfolk),2,Monster Manual
Lizardfolk Subchief,Humanoid (lizardfolk),3,Ghosts of Saltmarsh
Locathah,Humanoid (locathah),1/2,Ghosts of Saltmarsh
Locathah Hunter,Humanoid (locathah),2,Ghosts of Saltmarsh
Lonelywood Banshee,Undead,4,Icewind Dale: Rime of the Frostmaiden
Lords' Alliance Guard,Humanoid (dwarf),1/4,Out of the Abyss
Lords' Alliance Spy,Humanoid (human),1,Out of the Abyss
Lycanthropickle,Plant,1/8,The Lost Dungeon of Rickedness: Big Rick Energy
Mad Golem,Construct,12,Waterdeep: Dungeon of the Mad Mage
Mage,Humanoid (any race),6,Monster Manual
Magewright,Humanoid (any race),0,Eberron: Rising from the Last War
Magma Mephit,Elemental,1/2,Monster Manual
Magmin,Elemental,1/2,Monster Manual
Male Steeder,Monstrosity,1/4,Mordenkainen's Tome of Foes
Malformed Kraken,Monstrosity,10,Tales from the Yawning Portal
MaMonster Manualoth,Beast,6,Monster Manual
Manes,Fiend (demon),1/8,Monster Manual
Manticore,Monstrosity,3,Monster Manual
Mantrap,Plant,1,Tomb of Annihilation
Marid,Elemental,11,Monster Manual
Marilith,Fiend (demon),16,Monster Manual
Martial Arts Adept,Humanoid (any race),3,Volo's Guide to Monsters
Marut,Construct (inevitable),25,Mordenkainen's Tome of Foes
Master of Cruelties,Fiend (demon),9,Guildmasters' Guide to Ravnica
Master of Souls,Humanoid (human),4,Baldur's Gate: Descent Into Avernus
Master Thief,Humanoid (any race),5,Volo's Guide to Monsters
Mastiff,Beast,1/8,Monster Manual
Maurezhi,Fiend (demon),7,Mordenkainen's Tome of Foes
Maw Demon,Fiend (demon),1,Volo's Guide to Monsters
Meazel,Humanoid (meazel),1,Mordenkainen's Tome of Foes
Mechachimera,Construct,6,Oracle of War
Mechanical Bird,Construct,Unknown,Waterdeep: Dragon Heist
Medusa,Monstrosity,6,Monster Manual
Medusa,Monstrosity,6,Mystic Odysseys of Theros
Meenlock,Fey,2,Volo's Guide to Monsters
Meeseeks,Humanoid (any race),0,The Lost Dungeon of Rickedness: Big Rick Energy
Meletian Hoplite,Humanoid,3,Mystic Odysseys of Theros
Merfolk,Humanoid (merfolk),1/8,Monster Manual
Merfolk Salvager,Humanoid (merfolk),1,Ghosts of Saltmarsh
Merfolk Scout,Humanoid (merfolk),1/2,Ghosts of Saltmarsh
Merregon,Fiend (devil),4,Mordenkainen's Tome of Foes
Merrenoloth,Fiend (yugoloth),3,Mordenkainen's Tome of Foes
Merrow,Monstrosity,2,Monster Manual
Merrow Shallowpriest,Monstrosity,4,Explorer's Guide to Wildemount
Metal Wasp,Construct,1/2,Waterdeep: Dungeon of the Mad Mage
Mezzoloth,Fiend (yugoloth),5,Monster Manual
Mighty Servant of Leuk-o,Construct,—,Tasha’s Cauldron of Everything
Mimic,Monstrosity (shapechanger),2,Monster Manual
Mind Drinker Vampire,Undead,4,Guildmasters' Guide to Ravnica
Mind Flayer,Aberration,7,Monster Manual
Mind Flayer Arcanist,Aberration,8,Monster Manual
Mind Flayer Psion,Aberration,8,Volo's Guide to Monsters
Mind Mage,Humanoid (any race),5,Guildmasters' Guide to Ravnica
Mindwitness,Aberration,5,Volo's Guide to Monsters
Minotaur,Monstrosity,3,Monster Manual
Minotaur Living Crystal Statue,Construct,6,Ghosts of Saltmarsh
Minotaur Skeleton,Undead,2,Monster Manual
Moloch,Fiend (devil),21,Mordenkainen's Tome of Foes
Molten Magma Roper,Monstrosity,5,Princes of the Apocalypse
Molydeus,Fiend (demon),21,Mordenkainen's Tome of Foes
Mongrelfolk,Humanoid (mongrelfolk),1/4,Curse of Strahd
Monodrone,Construct,1/8,Monster Manual
Monstrous Peryton,Monstrosity,11,Ghosts of Saltmarsh
Moorbounder,Beast,1,Explorer's Guide to Wildemount
Mordakhesh,Fiend,15,Eberron: Rising from the Last War
Morkoth,Aberration,11,Volo's Guide to Monsters
Mountain Goat,Beast,1/8,Icewind Dale: Rime of the Frostmaiden
Mouth of Grolantor,Giant (hill giant),6,Volo's Guide to Monsters
Mud Mephit,Elemental,1/4,Monster Manual
Mule,Beast,1/8,Monster Manual
MuMonster Manualy,Undead,3,Monster Manual
MuMonster Manualy Lord,Undead,15,Monster Manual
Myconid Adult,Plant,1/2,Monster Manual
Myconid Sovereign,Plant,2,Monster Manual
Myconid Sprout,Plant,0,Monster Manual
Nabassu,Fiend (demon),15,Mordenkainen's Tome of Foes
Nagpa,Humanoid (nagpa),17,Mordenkainen's Tome of Foes
Naiad,Fey,2,Mystic Odysseys of Theros
Nalfeshnee,Fiend (demon),13,Monster Manual
Narzugon,Fiend (devil),13,Mordenkainen's Tome of Foes
Necromancer,Humanoid (any race),9,Volo's Guide to Monsters
Necromite of Myrkul,Humanoid (human),1/2,Baldur's Gate: Descent Into Avernus
Necrotic Centipede,Monstrosity,11,Baldur's Gate: Descent Into Avernus
Needle Blight,Plant,1/4,Monster Manual
Neogi,Aberration,3,Volo's Guide to Monsters
Neogi Hatchling,Aberration,1/8,Volo's Guide to Monsters
Neogi Master,Aberration,4,Volo's Guide to Monsters
Neothelid,Aberration,13,Volo's Guide to Monsters
Nereid,Fey,2,Tales from the Yawning Portal
Nergaliid,Fiend (devil),3,Explorer's Guide to Wildemount
Night Blade,Humanoid (human),1/4,Baldur's Gate: Descent Into Avernus
Night Hag,Fiend,5,Monster Manual
Nightmare,Fiend,3,Monster Manual
Nightmare Shepherd,Fiend,11,Mystic Odysseys of Theros
Nightveil Specter,Undead,10,Guildmasters' Guide to Ravnica
Nightwalker,Undead,20,Mordenkainen's Tome of Foes
Nilbog,Humanoid (goblinoid),1,Volo's Guide to Monsters
Nimblewright,Construct,4,Waterdeep: Dragon Heist
Niv-Mizzet,Dragon,26,Guildmasters' Guide to Ravnica
Nivix Cyclops,Giant,8,Guildmasters' Guide to Ravnica
Noble,Humanoid (any race),1/8,Monster Manual
Nothic,Aberration,2,Monster Manual
Nupperibo,Fiend (devil),1/2,Mordenkainen's Tome of Foes
Nycaloth,Fiend (yugoloth),9,Monster Manual
Nyx-Fleece Ram,Monstrosity,1,Mystic Odysseys of Theros
Oaken Bolter,Construct,5,Mordenkainen's Tome of Foes
Oblex Spawn,Ooze,1/4,Mordenkainen's Tome of Foes
Obzedat Ghost,Undead,8,Guildmasters' Guide to Ravnica
Ochre Jelly,Ooze,2,Monster Manual
Octopus,Beast,0,Monster Manual
Ogre,Giant,2,Monster Manual
Ogre Battering Ram,Giant,4,Mordenkainen's Tome of Foes
Ogre Bolt Launcher,Giant,2,Mordenkainen's Tome of Foes
Ogre Chain Brute,Giant,3,Mordenkainen's Tome of Foes
Ogre Goblin Hucker,Giant,2,Storm King's Thunder
Ogre Howdah,Giant,2,Mordenkainen's Tome of Foes
Ogre Skeleton,Undead,2,Tales from the Yawning Portal
Ogre Zombie,Undead,2,Monster Manual
Oinoloth,Fiend (yugoloth),12,Mordenkainen's Tome of Foes
Old Troglodyte,Humanoid (troglodyte),1/8,Waterdeep: Dungeon of the Mad Mage
One-Eyed Shiver,Humanoid (human),3,Princes of the Apocalypse
Oni,Giant,7,Monster Manual
Ooze Master,Undead,10,Tales from the Yawning Portal
Oracle,Humanoid,4,Mystic Odysseys of Theros
Orc,Humanoid (orc),1/2,Monster Manual
Orc Blade of Ilneval,Humanoid (orc),4,Volo's Guide to Monsters
Orc Claw of Luthic,Humanoid (orc),2,Volo's Guide to Monsters
Orc CoMonster Manualoner,Humanoid (orc),0,Tales from the Yawning Portal
Orc Eye of Gruumsh,Humanoid (orc),2,Monster Manual
Orc Hand of Yurtrus,Humanoid (orc),2,Volo's Guide to Monsters
Orc Nurtured One of Yurtrus,Humanoid (orc),1/2,Volo's Guide to Monsters
Orc Red Fang of Shargaas,Humanoid (orc),3,Volo's Guide to Monsters
Orc War Chief,Humanoid (orc),4,Monster Manual
Orcus,Fiend (demon),26,Mordenkainen's Tome of Foes
Oread,Fey,4,Mystic Odysseys of Theros
Orog,Humanoid (orc),2,Monster Manual
Orthon,Fiend (devil),10,Mordenkainen's Tome of Foes
Orzhov Giant,Giant,6,Guildmasters' Guide to Ravnica
Otyugh,Aberration,5,Monster Manual
Owl,Beast,0,Monster Manual
Owlbear,Monstrosity,3,Monster Manual
Ox,Beast,1/4,Volo's Guide to Monsters
Panopticus Wizard,Humanoid (dwarf),1/4,Waterdeep: Dragon Heist
Panther,Beast,1/4,Monster Manual
Paper Whirlwind,Swarm of tiny constructs,1/4,The Rise of Tiamat
Peacock,Beast,0,Baldur's Gate: Descent Into Avernus
Pegasus,Celestial,2,Monster Manual
Pentadrone,Construct,2,Monster Manual
Peryton,Monstrosity,2,Monster Manual
Phantom Warrior,Undead,3,Curse of Strahd
Phase Spider,Monstrosity,3,Monster Manual
Phoenix,Elemental,16,Mordenkainen's Tome of Foes
Phylaskia,Undead,9,Mystic Odysseys of Theros
Piercer,Monstrosity,1/2,Monster Manual
Pig,Beast,0,Storm King's Thunder
Piggy Wiggle Butt,Construct,1/2,The Lost Dungeon of Rickedness: Big Rick Energy
Pirate Bosun,Humanoid (any race),1/2,Ghosts of Saltmarsh
Pirate Captain,Humanoid (any race),2,Ghosts of Saltmarsh
Pirate Deck Wizard,Humanoid (any race),1,Ghosts of Saltmarsh
Pirate First Mate,Humanoid (any race),1,Ghosts of Saltmarsh
Pit Fiend,Fiend (devil),20,Monster Manual
Pixie,Fey,1/4,Monster Manual
Planetar,Celestial,16,Monster Manual
Plesiosaurus,Beast,2,Monster Manual
Poison Weird,Elemental,4,Waterdeep: Dungeon of the Mad Mage
Poisonous Snake,Beast,1/8,Monster Manual
Polar Bear,Beast,2,Monster Manual
Poltergeist,Undead,2,Monster Manual
Polukranos,Monstrosity,19,Mystic Odysseys of Theros
Pony,Beast,1/8,Monster Manual
Precognitive Mage,Humanoid (any race),3,Guildmasters' Guide to Ravnica
Priest,Humanoid (any race),2,Monster Manual
Prophetess Dran,Humanoid (elf),2,Acquisitions Incorporated
Pseudodragon,Dragon,1/4,Monster Manual
Pterafolk,Monstrosity,1,Tomb of Annihilation
Pteranodon,Beast,1/4,Monster Manual
Purple Worm,Monstrosity,15,Monster Manual
Purple Wormling,Monstrosity,2,Storm King's Thunder
Quadrone,Construct,1,Monster Manual
Quaggoth,Humanoid (quaggoth),2,Monster Manual
Quaggoth Spore Servant,Plant,1,Monster Manual
Quaggoth Thonot,Humanoid (quaggoth),3,Monster Manual
Quasit,Fiend (demon),1,Monster Manual
Quetzalcoatlus,Beast,2,Volo's Guide to Monsters
Quickling,Fey,1,Volo's Guide to Monsters
Quipper,Beast,0,Monster Manual
Radiant Idol,Celestial,11,Eberron: Rising from the Last War
Rak Tulkhesh,Fiend,28,Eberron: Rising from the Last War
Rakdos,Fiend (demon),24,Guildmasters' Guide to Ravnica
Rakdos Lampooner,Humanoid (any race),2,Guildmasters' Guide to Ravnica
"Rakdos Performer, Blade Juggler",Humanoid (any race),1,Guildmasters' Guide to Ravnica
"Rakdos Performer, Fire Eater",Humanoid (any race),1,Guildmasters' Guide to Ravnica
"Rakdos Performer, High-Wire Acrobat",Humanoid (any race),1,Guildmasters' Guide to Ravnica
Rakshasa,Fiend,13,Monster Manual
Rat,Beast,0,Monster Manual
Raven,Beast,0,Monster Manual
Razerblast,Humanoid (human),5,Princes of the Apocalypse
Reaper of Bhaal,Humanoid (human),2,Baldur's Gate: Descent Into Avernus
Reckoner,Humanoid (any race),4,Guildmasters' Guide to Ravnica
Red Abishai,Fiend (devil),19,Mordenkainen's Tome of Foes
Red Dragon Wyrmling,Dragon,4,Monster Manual
Red Guard Drake,Dragon,2,Volo's Guide to Monsters
Red Slaad,Aberration,5,Monster Manual
Red Wizard,Humanoid (any race),6,The Rise of Tiamat
Redbrand Ruffian,Humanoid (human),1/2,Lost Mine of Phandelver
Redcap,Fey,3,Volo's Guide to Monsters
Reduced-Threat Aboleth,Aberration,10,Tales from the Yawning Portal
Reduced-Threat Basilisk,Monstrosity,3,Tales from the Yawning Portal
Reduced-Threat Behir,Monstrosity,11,Tales from the Yawning Portal
Reduced-Threat Beholder,Aberration,13,Tales from the Yawning Portal
Reduced-Threat Black Pudding,Ooze,4,Tales from the Yawning Portal
Reduced-Threat Carrion Crawler,Monstrosity,2,Tales from the Yawning Portal
Reduced-Threat Clay Golem,Construct,9,Tales from the Yawning Portal
Reduced-Threat Darkmantle,Monstrosity,1/2,Tales from the Yawning Portal
Reduced-Threat Displacer Beast,Monstrosity,3,Tales from the Yawning Portal
Reduced-Threat Dragon Turtle,Dragon,17,Tales from the Yawning Portal
Reduced-Threat Ettercap,Monstrosity,2,Tales from the Yawning Portal
Reduced-Threat Flesh Golem,Construct,5,Tales from the Yawning Portal
Reduced-Threat Glabrezu,Fiend (demon),9,Tales from the Yawning Portal
Reduced-Threat Gray Ooze,Ooze,1/2,Tales from the Yawning Portal
Reduced-Threat Helmed Horror,Construct,4,Tales from the Yawning Portal
Reduced-Threat Hezrou,Fiend (demon),8,Tales from the Yawning Portal
Reduced-Threat Hook Horror,Monstrosity,3,Tales from the Yawning Portal
Reduced-Threat Ochre Jelly,Ooze,2,Tales from the Yawning Portal
Reduced-Threat Otyugh,Aberration,5,Tales from the Yawning Portal
Reduced-Threat Owlbear,Monstrosity,3,Tales from the Yawning Portal
Reduced-Threat Peryton,Monstrosity,2,Tales from the Yawning Portal
Reduced-Threat Remorhaz,Monstrosity,11,Tales from the Yawning Portal
Reduced-Threat Stone Golem,Construct,10,Tales from the Yawning Portal
Reduced-Threat Vrock,Fiend (demon),6,Tales from the Yawning Portal
Reduced-Threat Wight,Undead,3,Tales from the Yawning Portal
Reduced-Threat Wyvern,Dragon,6,Tales from the Yawning Portal
Reef Shark,Beast,1/2,Monster Manual
Reflection,Fey,1/2,Tasha’s Cauldron of Everything
Regenerating Black Pudding,Ooze,5,Out of the Abyss
Reghed Chieftain,Humanoid (any race),5,Icewind Dale: Rime of the Frostmaiden
Reghed Great Warrior,Humanoid (any race),5,Icewind Dale: Rime of the Frostmaiden
Reghed Shaman,Humanoid (any race),2,Icewind Dale: Rime of the Frostmaiden
Reghed Warrior,Humanoid (any race),1/8,Icewind Dale: Rime of the Frostmaiden
Reindeer,Beast,1/4,Icewind Dale: Rime of the Frostmaiden
Remorhaz,Monstrosity,11,Monster Manual
Replica Duodrone,Construct,1/4,Oracle of War
Replica Monodrone,Construct,1/8,Oracle of War
Replica Pentadrone,Construct,2,Oracle of War
Replica Quadrone,Construct,1,Oracle of War
Replica Tridrone,Construct,1/2,Oracle of War
Retriever,Construct,14,Mordenkainen's Tome of Foes
Returned Drifter,Undead,1/4,Mystic Odysseys of Theros
Returned Kakomantis,Undead,4,Mystic Odysseys of Theros
Returned Palamnite,Undead,4,Mystic Odysseys of Theros
Returned Sentry,Undead,1,Mystic Odysseys of Theros
Revenant,Undead,5,Monster Manual
Rhinoceros,Beast,2,Monster Manual
Riding Horse,Beast,1/4,Monster Manual
Rip Tide Priest,Humanoid (human),2,Ghosts of Saltmarsh
Roc,Monstrosity,11,Monster Manual
Rock Gnome Recluse,Humanoid (gnome),1/4,Essentials Kit: Dragon of Icespire Peak
Roper,Monstrosity,5,Monster Manual
Rot Troll,Giant,9,Mordenkainen's Tome of Foes
Rothé,Beast,1/4,Volo's Guide to Monsters
Rowboat Mimic,Monstrosity (shapechanger),2,Waterdeep: Dungeon of the Mad Mage
Rubblebelt Stalker,Humanoid (any race),1/2,Guildmasters' Guide to Ravnica
Rug of Smothering,Construct,2,Monster Manual
Runed Behir,Monstrosity,11,Waterdeep: Dungeon of the Mad Mage
Rust Monster,Monstrosity,1/2,Monster Manual
Rutterkin,Fiend (demon),2,Mordenkainen's Tome of Foes
Saber-Toothed Tiger,Beast,2,Monster Manual
Sacred Statue,Construct,—,Mordenkainen's Tome of Foes
Sacred Stone Monk,Humanoid (human),1/2,Princes of the Apocalypse
Sahuagin,Humanoid (sahuagin),1/2,Monster Manual
Sahuagin Baron,Humanoid (sahuagin),5,Monster Manual
Sahuagin Blademaster,Humanoid (sahuagin),6,Ghosts of Saltmarsh
Sahuagin Champion,Humanoid (sahuagin),3,Ghosts of Saltmarsh
Sahuagin Coral Smasher,Humanoid (sahuagin),1,Ghosts of Saltmarsh
Sahuagin Deep Diver,Humanoid (sahuagin),4,Ghosts of Saltmarsh
Sahuagin Hatchling Swarm,Swarm of tiny beasts,3,Ghosts of Saltmarsh
Sahuagin High Priestess,Humanoid (sahuagin),5,Ghosts of Saltmarsh
Sahuagin Priestess,Humanoid (sahuagin),2,Monster Manual
Sahuagin Warlock of Uk'otoa,Humanoid (sahuagin),3,Explorer's Guide to Wildemount
Sahuagin Wave Shaper,Humanoid (sahuagin),5,Ghosts of Saltmarsh
Salamander,Elemental,5,Monster Manual
Satyr,Fey,1/2,Monster Manual
Satyr Reveler,Fey,1,Mystic Odysseys of Theros
Satyr Thornbearer,Fey,2,Mystic Odysseys of Theros
Scaladar,Construct,8,Waterdeep: Dungeon of the Mad Mage
Scarecrow,Construct,1,Monster Manual
Scorchbringer Guard,Humanoid (any race),1/2,Guildmasters' Guide to Ravnica
Scorpion,Beast,0,Monster Manual
Scout,Humanoid (any race),1/2,Monster Manual
Scrag,Giant,5,Tales from the Yawning Portal
Sea Elf,Humanoid (elf),1/8,Storm King's Thunder
Sea Fury,Fey,12,Explorer's Guide to Wildemount
Sea Hag,Fey,2,Monster Manual
Sea Horse,Beast,0,Monster Manual
Sea Lion,Monstrosity,5,Tales from the Yawning Portal
Sea Spawn,Humanoid,1,Volo's Guide to Monsters
Seal,Beast,0,Icewind Dale: Rime of the Frostmaiden
Sentient Gray Ooze,Ooze,1/2,Tales from the Yawning Portal
Sentient Ochre Jelly,Ooze,2,Tales from the Yawning Portal
Sergeant,Humanoid (any race),1/8,Waterdeep: Dragon Heist
Servitor Thrull,Construct,1/4,Guildmasters' Guide to Ravnica
Setessan Hoplite,Humanoid,4,Mystic Odysseys of Theros
Shadow,Undead,1/2,Monster Manual
Shadow Assassin,Undead,9,Waterdeep: Dungeon of the Mad Mage
Shadow Dancer,Humanoid (elf),7,Mordenkainen's Tome of Foes
Shadow Demon,Fiend (demon),4,Monster Manual
Shadow Horror,Aberration,9,Guildmasters' Guide to Ravnica
Shadow Mastiff,Monstrosity,2,Volo's Guide to Monsters
Shadow Spirit,Monstrosity,—,Tasha’s Cauldron of Everything
Shadowghast,Undead,5,Explorer's Guide to Wildemount
Shambling Mound,Plant,5,Monster Manual
Shapechanged Roper,Monstrosity,5,Waterdeep: Dungeon of the Mad Mage
Shard Shunner,"Humanoid (halfling, shapechanger)",2,Waterdeep: Dragon Heist
Sharkbody Abomination,Aberration,2,Explorer's Guide to Wildemount
Sheep,Beast,0,Storm King's Thunder
Shell Shark,Monstrosity,2,Ghosts of Saltmarsh
Shield Dwarf Guard,Humanoid (dwarf),1/8,Storm King's Thunder
Shield Dwarf Noble,Humanoid (dwarf),1/8,Storm King's Thunder
Shield Guardian,Construct,7,Monster Manual
Shifter,Humanoid (shifter),1/2,Eberron: Rising from the Last War
Shoosuva,Fiend (demon),8,Volo's Guide to Monsters
Shrieker,Plant,0,Monster Manual
Sibriex,Fiend (demon),18,Mordenkainen's Tome of Foes
Silver Dragon Wyrmling,Dragon,2,Monster Manual
Simic Merfolk,Humanoid (merfolk),1/8,Guildmasters' Guide to Ravnica
Sire of Insanity,Fiend (demon),12,Guildmasters' Guide to Ravnica
Skeletal Alchemist,Undead,1/2,Ghosts of Saltmarsh
Skeletal Juggernaut,Undead,5,Ghosts of Saltmarsh
Skeletal Rats,Swarm of tiny undead,1/4,Baldur's Gate: Descent Into Avernus
Skeletal Swarm,Swarm of medium undead,2,Ghosts of Saltmarsh
Skeleton,Undead,1/4,Monster Manual
Skeleton Key,Undead,1/4,Tomb of Annihilation
Skittering Horror,Aberration,15,Guildmasters' Guide to Ravnica
Skulk,Humanoid,1/2,Mordenkainen's Tome of Foes
Skull Flier,Construct,1/2,Essentials Kit: Storm Lord's Wrath
Skull Lasher of Myrkul,Humanoid (human),1,Baldur's Gate: Descent Into Avernus
Skull Lord,Undead,15,Mordenkainen's Tome of Foes
Skum,Aberration,5,Ghosts of Saltmarsh
Skyjek Roc,Monstrosity,2,Guildmasters' Guide to Ravnica
SkyswiMonster Manualer,Monstrosity,13,Guildmasters' Guide to Ravnica
Skyweaver,Humanoid (human),3,Princes of the Apocalypse
Slaad Tadpole,Aberration,1/8,Monster Manual
Sled Dog,Beast,1/4,The Rise of Tiamat
Slithering Tracker,Ooze,3,Volo's Guide to Monsters
Smoke Mephit,Elemental,1/4,Monster Manual
Snake Horror,Construct,4,The Rise of Tiamat
Snow Golem,Construct,3,Icewind Dale: Rime of the Frostmaiden
Snow Leopard,Beast,1,Tales from the Yawning Portal
Snow Maiden,Undead,1,Curse of Strahd
Snowy Owlbear,Monstrosity,3,Icewind Dale: Rime of the Frostmaiden
Solar,Celestial,21,Monster Manual
Soldier,Humanoid (any race),1/2,Guildmasters' Guide to Ravnica
Soul Monger,Humanoid (elf),11,Mordenkainen's Tome of Foes
Space Hamster,Beast,0,Waterdeep: Dungeon of the Mad Mage
Spawn of Kyuss,Undead,5,Volo's Guide to Monsters
Spectator,Aberration,3,Monster Manual
Specter,Undead,1,Monster Manual
Spellcaster,Humanoid,—,Essentials Kit
Spellcaster (Healer),Humanoid,—,Essentials Kit: Divine Contention
Spellcaster (Healer),Humanoid,—,Essentials Kit: Sleeping Dragon's Wake
Spellcaster (Healer),Humanoid,—,Essentials Kit: Storm Lord's Wrath
Spellcaster (Mage),Humanoid,—,Essentials Kit: Divine Contention
Spellcaster (Mage),Humanoid,—,Essentials Kit: Sleeping Dragon's Wake
Spellcaster (Mage),Humanoid,—,Essentials Kit: Storm Lord's Wrath
Sperm Whale,Beast,8,Icewind Dale: Rime of the Frostmaiden
Sphinx of Judgment,Monstrosity,11,Guildmasters' Guide to Ravnica
Spider,Beast,0,Monster Manual
Spiked Tomb Guardian,Construct,6,Tomb of Annihilation
Spined Devil,Fiend (devil),2,Monster Manual
Spirit Naga,Monstrosity,8,Monster Manual
Spirit Troll,Giant,11,Mordenkainen's Tome of Foes
Spitting Mimic,Monstrosity (shapechanger),5,Icewind Dale: Rime of the Frostmaiden
Splugoth the Returned,Humanoid (goblinoid),2,Acquisitions Incorporated
Spring Eladrin,Fey (elf),10,Mordenkainen's Tome of Foes
Sprite,Fey,1/4,Monster Manual
Spy,Humanoid (any race),1,Monster Manual
Star Spawn Grue,Aberration,1/4,Mordenkainen's Tome of Foes
Star Spawn Hulk,Aberration,10,Mordenkainen's Tome of Foes
Star Spawn Larva Mage,Aberration,16,Mordenkainen's Tome of Foes
Star Spawn Mangler,Aberration,5,Mordenkainen's Tome of Foes
Star Spawn Seer,Aberration,13,Mordenkainen's Tome of Foes
Statue of Talos,Elemental,10,Essentials Kit: Storm Lord's Wrath
Statue of Vergadain,Construct,10,Waterdeep: Dungeon of the Mad Mage
Steam Mephit,Elemental,1/4,Monster Manual
Steel Defender,Construct,—,Tasha’s Cauldron of Everything
Steel Predator,Construct,16,Mordenkainen's Tome of Foes
Stegosaurus,Beast,4,Volo's Guide to Monsters
Stench Kow,Beast,1/4,Volo's Guide to Monsters
Stirge,Beast,1/8,Monster Manual
Stomping Foot,Undead,0,Oracle of War
Stone Cursed,Construct,1,Mordenkainen's Tome of Foes
Stone Defender,Construct,4,Mordenkainen's Tome of Foes
Stone Dragon Statue,Construct,10,Tales from the Yawning Portal
Stone Giant,Giant,7,Monster Manual
Stone Giant Dreamwalker,Giant (stone giant),10,Volo's Guide to Monsters
Stone Giant Statue,Construct,0,Storm King's Thunder
Stone Golem,Construct,10,Monster Manual
Stone Juggernaut,Construct,12,Tomb of Annihilation
Stone Warrior,Construct,4,Princes of the Apocalypse
Stonecloak,Construct,10,Waterdeep: Dungeon of the Mad Mage
Stonemelder,Humanoid (human),4,Princes of the Apocalypse
Storm Giant,Giant,13,Monster Manual
Storm Giant Quintessent,Giant (storm giant),16,Volo's Guide to Monsters
Strahd Zombie,Undead,1,Curse of Strahd
Strahd's Animated Armor,Construct,6,Curse of Strahd
Su-monster,Monstrosity,1,Tomb of Annihilation
Succubus,Fiend (shapechanger),4,Monster Manual
Sul Khatesh,Fiend,28,Eberron: Rising from the Last War
SuMonster Manualer Eladrin,Fey (elf),10,Mordenkainen's Tome of Foes
Sunder Shaman,Giant,10,Guildmasters' Guide to Ravnica
Swarm of Bats,Swarm of tiny beasts,1/4,Monster Manual
Swarm of Beetles,Swarm of tiny beasts,1/2,Monster Manual
Swarm of Books,Swarm of tiny constructs,1/4,Waterdeep: Dragon Heist
Swarm of Centipedes,Swarm of tiny beasts,1/2,Monster Manual
Swarm of Cranium Rats,Swarm of tiny beasts,5,Volo's Guide to Monsters
Swarm of Insects,Swarm of tiny beasts,1/2,Monster Manual
Swarm of Mechanical Spiders,Swarm of tiny constructs,1/2,Waterdeep: Dragon Heist
Swarm of Poisonous Snakes,Swarm of tiny beasts,2,Monster Manual
Swarm of Quippers,Swarm of tiny beasts,1,Monster Manual
Swarm of Rats,Swarm of tiny beasts,1/4,Monster Manual
Swarm of Ravens,Swarm of tiny beasts,1/4,Monster Manual
Swarm of Rot Grubs,Swarm of tiny beasts,1/2,Volo's Guide to Monsters
Swarm of Spiders,Swarm of tiny beasts,1/2,Monster Manual
Swarm of Undead Snakes,Swarm of tiny undead,2,Explorer's Guide to Wildemount
Swarm of Wasps,Swarm of tiny beasts,1/2,Monster Manual
Swashbuckler,Humanoid (any race),3,Volo's Guide to Monsters
Swavain Basilisk,Monstrosity,7,Explorer's Guide to Wildemount
Sword Wraith CoMonster Manualander,Undead,8,Mordenkainen's Tome of Foes
Sword Wraith Warrior,Undead,3,Mordenkainen's Tome of Foes
Tabaxi Hunter,Humanoid (tabaxi),1,Tomb of Annihilation
Tabaxi Minstrel,Humanoid (tabaxi),1/4,Tomb of Annihilation
Tanarukk,"Fiend (demon, orc)",5,Volo's Guide to Monsters
Tarkanan Assassin,Humanoid (any race),2,Eberron: Rising from the Last War
Tarrasque,Monstrosity (titan),30,Monster Manual
Telepathic Pentacle,Monstrosity,8,Icewind Dale: Rime of the Frostmaiden
Terracotta Warrior,Construct,1,Tomb of Annihilation
Thayan Apprentice,Humanoid (human),2,Tales from the Yawning Portal
Thayan Warrior,Humanoid (human),2,Tales from the Yawning Portal
The Angry,Monstrosity,13,Mordenkainen's Tome of Foes
The Hungry,Monstrosity,11,Mordenkainen's Tome of Foes
The Lonely,Monstrosity,9,Mordenkainen's Tome of Foes
The Lord of Blades,Humanoid (warforged),18,Eberron: Rising from the Last War
The Lost,Monstrosity,7,Mordenkainen's Tome of Foes
The Wretched,Monstrosity,1/4,Mordenkainen's Tome of Foes
Theran Chimera,Monstrosity,7,Mystic Odysseys of Theros
Thessalhydra,Monstrosity,4,Hunt for the Thessalhydra
Thomas T. Toad,Construct,2,The Lost Dungeon of Rickedness: Big Rick Energy
Thorn Slinger,Plant,1/2,Tales from the Yawning Portal
Thorny,Plant,1,Volo's Guide to Monsters
Thought Spy,Humanoid (any race),1,Guildmasters' Guide to Ravnica
Thri-kreen,Humanoid (thri-kreen),1,Monster Manual
Thug,Humanoid (any race),1/2,Monster Manual
Thunderbeast Skeleton,Undead,3,Storm King's Thunder
Tiger,Beast,1,Monster Manual
Tiny Servant,Construct,—,Xanathar's Guide to Everything
Titivilus,Fiend (devil),16,Mordenkainen's Tome of Foes
Tlincalli,Monstrosity,5,Volo's Guide to Monsters
Tomb Dwarf,Undead,3,Tomb of Annihilation
Tomb Guardian,Construct,5,Tomb of Annihilation
Tomb Tapper,Construct,10,Icewind Dale: Rime of the Frostmaiden
Tortle,Humanoid (tortle),1/4,Mordenkainen's Tome of Foes
Tortle Druid,Humanoid (tortle),2,Mordenkainen's Tome of Foes
Transmuter,Humanoid (any race),5,Volo's Guide to Monsters
Trapper,Monstrosity,3,Volo's Guide to Monsters
Treant,Plant,9,Monster Manual
Tree Blight,Plant,7,Curse of Strahd
Tressym,Monstrosity,0,Baldur's Gate: Descent Into Avernus
Tressym,Beast,0,Storm King's Thunder
Tri-flower Frond,Plant,1/2,Tomb of Annihilation
Tribal Warrior,Humanoid (any race),1/8,Monster Manual
Tribal Warrior Spore Servants,Plant,1/8,Icewind Dale: Rime of the Frostmaiden
Triceratops,Beast,5,Monster Manual
Tridrone,Construct,1/2,Monster Manual
Triton Master of Waves,Humanoid (triton),8,Mystic Odysseys of Theros
Triton Shorestalker,Humanoid (triton),2,Mystic Odysseys of Theros
Troglodyte,Humanoid (troglodyte),1/4,Monster Manual
Troglodyte Champion of Laogzed,Humanoid (troglodyte),3,Out of the Abyss
Troll,Giant,5,Monster Manual
Tromokratis,Monstrosity (titan),26,Mystic Odysseys of Theros
Trostani,Fey,18,Guildmasters' Guide to Ravnica
Tsucora Quori,Aberration,7,Eberron: Rising from the Last War
Twig Blight,Plant,1/8,Monster Manual
Two-Headed Cerberus,Monstrosity,2,Mystic Odysseys of Theros
Typhon,Monstrosity,15,Mystic Odysseys of Theros
Tyrannosaurus Rex,Beast,8,Monster Manual
Tyrannosaurus Zombie,Undead,8,Tomb of Annihilation
Udaak,Fiend,16,Explorer's Guide to Wildemount
Ulitharid,Aberration,9,Volo's Guide to Monsters
Ultroloth,Fiend (yugoloth),13,Monster Manual
Umber Hulk,Monstrosity,5,Monster Manual
Undead Bulette,Undead,5,Waterdeep: Dungeon of the Mad Mage
Undead Cockatrice,Undead,1/2,Oracle of War
Undead Shambling Mound,Undead,5,Waterdeep: Dungeon of the Mad Mage
Undead Spirit,Undead,—,Tasha’s Cauldron of Everything
Undead Tree,Undead,9,Baldur's Gate: Descent Into Avernus
Undercity Medusa,Monstrosity,6,Guildmasters' Guide to Ravnica
Underworld Cerberus,Monstrosity,6,Mystic Odysseys of Theros
Undying Councilor,Undead,10,Eberron: Rising from the Last War
Undying Soldier,Undead,2,Eberron: Rising from the Last War
Unicorn,Celestial,5,Monster Manual
Uthgardt Barbarian Leader,Humanoid (human),2,Storm King's Thunder
Uthgardt Shaman,Humanoid (human),2,Storm King's Thunder
Valenar Hawk,Fey,1/8,Eberron: Rising from the Last War
Valenar Hound,Fey,1/2,Eberron: Rising from the Last War
Valenar Steed,Fey,1/2,Eberron: Rising from the Last War
Vampire,Undead (shapechanger),13,Monster Manual
Vampire Spawn,Undead,5,Monster Manual
Vampire Spellcaster,Undead (shapechanger),15,Monster Manual
Vampire Warrior,Undead (shapechanger),15,Monster Manual
Vampiric Ixitxachitl,Aberration,2,Out of the Abyss
Vampiric Ixitxachitl Cleric,Aberration,2,Out of the Abyss
Vampiric Jade Statue,Construct,8,Ghosts of Saltmarsh
Vampiric Mist,Undead,3,Mordenkainen's Tome of Foes
Vargouille,Fiend,1,Volo's Guide to Monsters
Vegepygmy,Plant,1/4,Volo's Guide to Monsters
Vegepygmy Chief,Plant,2,Volo's Guide to Monsters
Velociraptor,Beast,1/4,Volo's Guide to Monsters
Venom Troll,Giant,7,Mordenkainen's Tome of Foes
Verbeeg Longstrider,Giant,5,Icewind Dale: Rime of the Frostmaiden
Verbeeg Marauder,Giant,4,Icewind Dale: Rime of the Frostmaiden
Veteran,Humanoid (any race),3,Monster Manual
Veteran of the Gauntlet,Humanoid (human),3,Out of the Abyss
Vine Blight,Plant,1/2,Monster Manual
Violet Fungus,Plant,1/4,Monster Manual
Vox Seeker,Construct,1/8,Explorer's Guide to Wildemount
Vrock,Fiend (demon),6,Monster Manual
Vulture,Beast,0,Monster Manual
Walking Statue of Waterdeep,Construct,18,Waterdeep: Dragon Heist
Walrus,Beast,1/4,Icewind Dale: Rime of the Frostmaiden
War Priest,Humanoid (any race),9,Volo's Guide to Monsters
Warforged Colossus,Construct,25,Eberron: Rising from the Last War
Warforged Soldier,Humanoid (warforged),1,Eberron: Rising from the Last War
Warforged Titan,Construct,8,Eberron: Rising from the Last War
Warhorse,Beast,1/2,Monster Manual
Warhorse Skeleton,Undead,1/2,Monster Manual
Warlock of the Archfey,Humanoid (any race),4,Volo's Guide to Monsters
Warlock of the Fiend,Humanoid (any race),7,Volo's Guide to Monsters
Warlock of the Great Old One,Humanoid (any race),6,Volo's Guide to Monsters
Warlord,Humanoid (any race),12,Volo's Guide to Monsters
Warrior,Humanoid,—,Essentials Kit: Divine Contention
Warrior,Humanoid,—,Essentials Kit
Warrior,Humanoid,—,Essentials Kit: Sleeping Dragon's Wake
Warrior,Humanoid,—,Essentials Kit: Storm Lord's Wrath
Wastrilith,Fiend (demon),13,Mordenkainen's Tome of Foes
Water Elemental,Elemental,5,Monster Manual
Water Elemental Myrmidon,Elemental,7,Mordenkainen's Tome of Foes
Water Weird,Elemental,3,Monster Manual
Weasel,Beast,0,Monster Manual
Werebat,"Humanoid (goblin, shapechanger)",2,Waterdeep: Dungeon of the Mad Mage
Werebear,"Humanoid (human, shapechanger)",5,Monster Manual
Wereboar,"Humanoid (human, shapechanger)",4,Monster Manual
Werejaguar,"Humanoid (human, shapechanger)",4,Tales from the Yawning Portal
Wererat,"Humanoid (human, shapechanger)",2,Monster Manual
Wereraven,"Humanoid (human, shapechanger)",2,Curse of Strahd
Weretiger,"Humanoid (human, shapechanger)",4,Monster Manual
Werewolf,"Humanoid (human, shapechanger)",3,Monster Manual
White Abishai,Fiend (devil),6,Mordenkainen's Tome of Foes
White Dragon Wyrmling,Dragon,2,Monster Manual
White Guard Drake,Dragon,2,Volo's Guide to Monsters
Wight,Undead,3,Monster Manual
Wild Dog,Beast,0,Tomb of Annihilation
Wildfire Spirit,Elemental,—,Tasha’s Cauldron of Everything
Will-o'-Wisp,Undead,2,Monster Manual
Winged Bull,Celestial,4,Mystic Odysseys of Theros
Winged Kobold,Humanoid (kobold),1/4,Monster Manual
Winged Lion,Celestial,4,Mystic Odysseys of Theros
Winged Thrull,Construct,1/2,Guildmasters' Guide to Ravnica
Winter Eladrin,Fey (elf),10,Mordenkainen's Tome of Foes
Winter Wolf,Monstrosity,3,Monster Manual
Woe Strider,Aberration,7,Mystic Odysseys of Theros
Wolf,Beast,1/4,Monster Manual
Wood Elf,Humanoid (elf),1/2,Storm King's Thunder
Wood Woad,Plant,5,Volo's Guide to Monsters
Wooden Donkey,Construct,1/8,Waterdeep: Dungeon of the Mad Mage
Worg,Monstrosity,1/2,Monster Manual
Wraith,Undead,5,Monster Manual
Wurm,Monstrosity,14,Guildmasters' Guide to Ravnica
Wyvern,Dragon,6,Monster Manual
Xorn,Elemental,5,Monster Manual
Xvart,Humanoid (xvart),1/8,Volo's Guide to Monsters
Xvart Speaker,Humanoid (xvart),1/8,Volo's Guide to Monsters
Xvart Warlock of Raxivort,Humanoid (xvart),1,Volo's Guide to Monsters
Yagnoloth,Fiend (yugoloth),11,Mordenkainen's Tome of Foes
Yak,Beast,1/4,Storm King's Thunder
Yakfolk Priest,Monstrosity,4,Storm King's Thunder
Yakfolk Warrior,Monstrosity,3,Storm King's Thunder
Yeenoghu,Fiend (demon),24,Mordenkainen's Tome of Foes
Yellow Musk Creeper,Plant,2,Tomb of Annihilation
Yellow Musk Zombie,Undead,1/4,Tomb of Annihilation
Yeth Hound,Fey,4,Volo's Guide to Monsters
Yeti,Monstrosity,3,Monster Manual
Yeti Leader,Monstrosity,3,Tales from the Yawning Portal
Yeti Tyke,Monstrosity,1/8,Icewind Dale: Rime of the Frostmaiden
Yochlol,"Fiend (demon, shapechanger)",10,Monster Manual
Young Basilisk,Monstrosity,1,Out of the Abyss
Young Black Dragon,Dragon,7,Monster Manual
Young Blue Dragon,Dragon,9,Monster Manual
Young Brass Dragon,Dragon,6,Monster Manual
Young Bronze Dragon,Dragon,8,Monster Manual
Young Bulette,Beast,2,Princes of the Apocalypse
Young Cloud Giant,Giant,5,Storm King's Thunder
Young Copper Dragon,Dragon,7,Monster Manual
Young Fire Giant,Giant,2,Tales from the Yawning Portal
Young Frost Giant,Giant,2,Tales from the Yawning Portal
Young Gold Dragon,Dragon,10,Monster Manual
Young Green Dragon,Dragon,8,Monster Manual
Young Griffon (Medium),Monstrosity,1,Icewind Dale: Rime of the Frostmaiden
Young Griffon (Small),Monstrosity,1/4,Icewind Dale: Rime of the Frostmaiden
Young Griffon (Tiny),Monstrosity,0,Icewind Dale: Rime of the Frostmaiden
Young Hill Giant,Humanoid (orc),1/2,Tales from the Yawning Portal
Young Hook Horror,Monstrosity,1/4,Out of the Abyss
Young Kruthik,Monstrosity,1/8,Mordenkainen's Tome of Foes
Young Ogre Servant,Humanoid (orc),1/2,Tales from the Yawning Portal
Young Purple Worm,Monstrosity,13,Princes of the Apocalypse
Young Red Dragon,Dragon,10,Monster Manual
Young Red Shadow Dragon,Dragon,13,Monster Manual
Young Remorhaz,Monstrosity,5,Monster Manual
Young Silver Dragon,Dragon,9,Monster Manual
Young Troglodyte,Humanoid (troglodyte),1/8,Tales from the Yawning Portal
Young White Dragon,Dragon,6,Monster Manual
Young Winter Wolf,Beast,1,Tales from the Yawning Portal
Yuan-ti Abomination,"Monstrosity (shapechanger, yuan-ti)",7,Monster Manual
Yuan-ti Anathema,"Monstrosity (shapechanger, yuan-ti)",12,Volo's Guide to Monsters
Yuan-ti Broodguard,Humanoid (yuan-ti),2,Volo's Guide to Monsters
Yuan-ti Malison (Type 1),"Monstrosity (shapechanger, yuan-ti)",3,Monster Manual
Yuan-ti Malison (Type 2),"Monstrosity (shapechanger, yuan-ti)",3,Monster Manual
Yuan-ti Malison (Type 3),"Monstrosity (shapechanger, yuan-ti)",3,Monster Manual
Yuan-ti Malison (Type 4),"Monstrosity (shapechanger, yuan-ti)",3,Volo's Guide to Monsters
Yuan-ti Malison (Type 5),"Monstrosity (shapechanger, yuan-ti)",3,Volo's Guide to Monsters
Yuan-ti Mind Whisperer,"Monstrosity (shapechanger, yuan-ti)",4,Volo's Guide to Monsters
Yuan-ti Nightmare Speaker,"Monstrosity (shapechanger, yuan-ti)",4,Volo's Guide to Monsters
Yuan-ti Pit Master,"Monstrosity (shapechanger, yuan-ti)",5,Volo's Guide to Monsters
Yuan-ti Priest,"Monstrosity (shapechanger, yuan-ti)",3,Tomb of Annihilation
Yuan-ti Pureblood,Humanoid (yuan-ti),1,Monster Manual
Zakya Rakshasa,Fiend,5,Eberron: Rising from the Last War
Zaratan,Elemental,22,Mordenkainen's Tome of Foes
Zariel,Fiend (devil),26,Mordenkainen's Tome of Foes
Zebra,Beast,1/4,Tomb of Annihilation
Zegana,Humanoid (merfolk),16,Guildmasters' Guide to Ravnica
Zhent Martial Arts Adept,Humanoid (Lightfoot halfling),3,Waterdeep: Dragon Heist
Zhentarim Thug,Humanoid (human),1/2,Out of the Abyss
Zombie,Undead,1/4,Monster Manual
Zorbo,Monstrosity,1/2,Tomb of Annihilation
Zuggtmoy,Fiend (demon),23,Mordenkainen's Tome of Foes